timestamp,state
1714571014014906,Correction
1714571014018092,Correction
1714571014021426,Correction
1714571014043953,Correction
1714571014059203,Correction
1714571014078443,Correction
1714571014098557,Correction
1714571014118414,Correction
1714571014138763,Correction
1714571014158587,Correction
1714571014181040,Correction
1714571014199407,Correction
1714571014222727,Correction
1714571014247578,Correction
1714571014258026,Correction
1714571014278466,Correction
1714571014297407,Correction
1714571014319159,Correction
1714571014342220,Correction
1714571014358342,Correction
1714571014379242,Correction
1714571014398438,Correction
1714571014419185,Correction
1714571014439339,Correction
1714571014459634,Correction
1714571014478040,Correction
1714571014502305,Correction
1714571014518294,Correction
1714571014539329,Correction
1714571014559289,Correction
1714571014582031,Correction
1714571014598787,Correction
1714571014619736,Correction
1714571014637881,Correction
1714571014663474,Correction
1714571014685626,Correction
1714571014698307,Correction
1714571014723225,Correction
1714571014738584,Correction
1714571014763162,Correction
1714571014780517,Correction
1714571014800424,Correction
1714571014819584,Correction
1714571014841435,Correction
1714571014858169,Correction
1714571014879191,Correction
1714571014899496,Correction
1714571014922205,Correction
1714571014941815,Correction
1714571014957750,Correction
1714571014979294,Correction
1714571015009379,Correction
1714571015019301,Correction
1714571015045935,Correction
1714571015059566,Correction
1714571015083607,Correction
1714571015099079,Correction
1714571015119958,Correction
1714571015138442,Correction
1714571015158392,Correction
1714571015179100,Correction
1714571015203260,Correction
1714571015220119,Correction
1714571015243986,Correction
1714571015262318,Correction
1714571015280691,Correction
1714571015298547,Correction
1714571015321769,Correction
1714571015339639,Correction
1714571015357834,Correction
1714571015380879,Correction
1714571015405727,Correction
1714571015418613,Correction
1714571015438049,Correction
1714571015458013,Correction
1714571015478535,Correction
1714571015499694,Correction
1714571015519295,Correction
1714571015539388,Correction
1714571015568495,Correction
1714571015579659,Correction
1714571015602485,Correction
1714571015619102,Correction
1714571015646710,Correction
1714571015658345,Correction
1714571015680271,Correction
1714571015699915,Correction
1714571015729076,Correction
1714571015740492,Correction
1714571015759534,Correction
1714571015779992,Correction
1714571015797569,Correction
1714571015818912,Correction
1714571015838474,Correction
1714571015859170,Correction
1714571015878982,Correction
1714571015898462,Correction
1714571015919960,Correction
1714571015939482,Correction
1714571015958242,Correction
1714571015978360,Correction
1714571015999915,Correction
1714571016025612,Correction
1714571016048082,Correction
1714571016060378,Correction
1714571016084712,Correction
1714571016104337,Correction
1714571016126547,Correction
1714571016153829,Correction
1714571016158287,Correction
1714571016178197,Correction
1714571016197680,Correction
1714571016218241,Correction
1714571016243318,Correction
1714571016260001,Correction
1714571016278342,Correction
1714571016298585,Correction
1714571016321957,Correction
1714571016338793,Correction
1714571016360740,Correction
1714571016378809,Correction
1714571016403225,Correction
1714571016418391,Correction
1714571016440171,Correction
1714571016459366,Correction
1714571016479979,Correction
1714571016507609,Correction
1714571016526403,Correction
1714571016541343,Correction
1714571016560826,Correction
1714571016581637,Correction
1714571016606266,Correction
1714571016618735,Correction
1714571016639670,Correction
1714571016661978,Correction
1714571016680655,Correction
1714571016700099,Correction
1714571016735564,Correction
1714571016740587,Correction
1714571016765378,Correction
1714571016790200,Correction
1714571016814832,Correction
1714571016825298,Correction
1714571016840604,Correction
1714571016861380,Correction
1714571016880362,Correction
1714571016903739,Correction
1714571016921503,Correction
1714571016944103,Correction
1714571016961321,Correction
1714571016978199,Correction
1714571016998429,Correction
1714571017019251,Correction
1714571017048833,Correction
1714571017063430,Correction
1714571017079195,Correction
1714571017097790,Correction
1714571017119915,Correction
1714571017138568,Correction
1714571017162738,Correction
1714571017179466,Correction
1714571017199082,Correction
1714571017218723,Correction
1714571017238116,Correction
1714571017258275,Correction
1714571017283841,Correction
1714571017298572,Correction
1714571017318462,Correction
1714571017338553,Correction
1714571017358543,Correction
1714571017379977,Correction
1714571017407153,Correction
1714571017418455,Correction
1714571017441940,Correction
1714571017462692,Correction
1714571017481237,Correction
1714571017498305,Correction
1714571017517714,Correction
1714571017538217,Correction
1714571017560705,Correction
1714571017580729,Correction
1714571017600401,Correction
1714571017618039,Correction
1714571017638985,Correction
1714571017658604,Correction
1714571017678240,Correction
1714571017704303,Correction
1714571017725960,Correction
1714571017740946,Correction
1714571017759952,Correction
1714571017777867,Correction
1714571017801449,Correction
1714571017819451,Correction
1714571017838112,Correction
1714571017857907,Correction
1714571017878853,Correction
1714571017898585,Correction
1714571017918579,Correction
1714571017938466,Correction
1714571017959497,Correction
1714571017978252,Correction
1714571017998526,Correction
1714571018019278,Correction
1714571018037978,Correction
1714571018062247,Correction
1714571018078939,Correction
1714571018098089,Correction
1714571018118972,Correction
1714571018139796,Correction
1714571018159181,Correction
1714571018178571,Correction
1714571018204509,Correction
1714571018226540,Correction
1714571018239057,Correction
1714571018259914,Correction
1714571018279020,Correction
1714571018298835,Correction
1714571018319679,Correction
1714571018339991,Correction
1714571018359333,Correction
1714571018378413,Correction
1714571018398942,Correction
1714571018429123,Correction
1714571018446599,Correction
1714571018458023,Correction
1714571018477467,Correction
1714571018499586,Correction
1714571018522132,Correction
1714571018539633,Correction
1714571018557834,Correction
1714571018578530,Correction
1714571018598593,Correction
1714571018618584,Correction
1714571018639024,Correction
1714571018661339,Correction
1714571018681639,Correction
1714571018697801,Correction
1714571018723242,Correction
1714571018747455,Correction
1714571018759758,Correction
1714571018780242,Correction
1714571018801874,Correction
1714571018818935,Correction
1714571018837747,Correction
1714571018858917,Correction
1714571018878967,Correction
1714571018900325,Correction
1714571018918346,Correction
1714571018938085,Correction
1714571018958776,Correction
1714571018979644,Correction
1714571018999677,Correction
1714571019018940,Correction
1714571019038264,Correction
1714571019057893,Correction
1714571019078220,Correction
1714571019101707,Correction
1714571019123368,Correction
1714571019138542,Correction
1714571019158262,Correction
1714571019179464,Correction
1714571019197765,Correction
1714571019220896,Correction
1714571019238824,Correction
1714571019257800,Correction
1714571019278809,Correction
1714571019300901,Correction
1714571019327515,Correction
1714571019338602,Correction
1714571019359721,Correction
1714571019379876,Correction
1714571019399523,Correction
1714571019423220,Correction
1714571019440190,Correction
1714571019458058,Correction
1714571019479178,Correction
1714571019500201,Correction
1714571019519896,Correction
1714571019539982,Correction
1714571019560243,Correction
1714571019579098,Correction
1714571019598648,Correction
1714571019621751,Correction
1714571019641566,Correction
1714571019658144,Correction
1714571019677759,Correction
1714571019697923,Correction
1714571019719916,Correction
1714571019740442,Correction
1714571019760142,Correction
1714571019783627,Correction
1714571019801378,Correction
1714571019820377,Correction
1714571019838441,Correction
1714571019861062,Correction
1714571019882840,Correction
1714571019897729,Correction
1714571019930960,Correction
1714571019939648,Correction
1714571019958262,Correction
1714571019977880,Correction
1714571019999237,Correction
1714571020027480,Correction
1714571020040222,Correction
1714571020059938,Correction
1714571020078401,Correction
1714571020114524,Correction
1714571020120057,Correction
1714571020139281,Correction
1714571020157582,Correction
1714571020179057,Correction
1714571020198789,Correction
1714571020218914,Correction
1714571020248285,Correction
1714571020268886,Correction
1714571020285939,Correction
1714571020301869,Correction
1714571020329279,Correction
1714571020339029,Correction
1714571020366516,Correction
1714571020380720,Correction
1714571020399485,Correction
1714571020420313,Correction
1714571020444957,Correction
1714571020459837,Correction
1714571020480755,Correction
1714571020499647,Correction
1714571020519804,Correction
1714571020541467,Correction
1714571020558363,Correction
1714571020588653,Correction
1714571020602435,Correction
1714571020629170,Correction
1714571020638532,Correction
1714571020658710,Correction
1714571020678071,Correction
1714571020700401,Correction
1714571020719005,Correction
1714571020738558,Correction
1714571020767920,Correction
1714571020793659,Correction
1714571020798921,Correction
1714571020818759,Correction
1714571020838104,Correction
1714571020867145,Correction
1714571020882368,Correction
1714571020901208,Correction
1714571020922716,Correction
1714571020940185,Correction
1714571020960665,Correction
1714571020981571,Correction
1714571020998810,Correction
1714571021020522,Correction
1714571021043566,Correction
1714571021067821,Correction
1714571021080699,Correction
1714571021098546,Correction
1714571021118217,Correction
1714571021143074,Correction
1714571021159721,Correction
1714571021179112,Correction
1714571021199195,Correction
1714571021217674,Correction
1714571021238272,Correction
1714571021257347,Correction
1714571021284291,Correction
1714571021300040,Correction
1714571021320333,Correction
1714571021338290,Correction
1714571021359793,Correction
1714571021381902,Correction
1714571021408360,Correction
1714571021420344,Correction
1714571021439007,Correction
1714571021458110,Correction
1714571021477880,Correction
1714571021498034,Correction
1714571021520954,Correction
1714571021542099,Correction
1714571021560153,Correction
1714571021578330,Correction
1714571021598176,Correction
1714571021618789,Correction
1714571021638003,Correction
1714571021659951,Correction
1714571021679274,Correction
1714571021698263,Correction
1714571021718245,Correction
1714571021737551,Correction
1714571021758415,Correction
1714571021778639,Correction
1714571021798318,Correction
1714571021821696,Correction
1714571021837736,Correction
1714571021857623,Correction
1714571021877894,Correction
1714571021899932,Correction
1714571021919174,Correction
1714571021938901,Correction
1714571021959292,Correction
1714571021980314,Correction
1714571022000588,Correction
1714571022018752,Correction
1714571022038081,Correction
1714571022059212,Correction
1714571022079262,Correction
1714571022098847,Correction
1714571022120342,Correction
1714571022137765,Correction
1714571022158795,Correction
1714571022178088,Correction
1714571022199534,Correction
1714571022219563,Correction
1714571022242159,Correction
1714571022257940,Correction
1714571022278003,Correction
1714571022299700,Correction
1714571022318782,Correction
1714571022337324,Correction
1714571022358808,Correction
1714571022378850,Correction
1714571022400951,Correction
1714571022419730,Correction
1714571022441952,Correction
1714571022457892,Correction
1714571022478258,Correction
1714571022503358,Correction
1714571022518061,Correction
1714571022538637,Correction
1714571022558962,Correction
1714571022579555,Correction
1714571022601759,Correction
1714571022619355,Correction
1714571022638380,Correction
1714571022658689,Correction
1714571022679706,Correction
1714571022699185,Correction
1714571022718313,Correction
1714571022739101,Correction
1714571022757943,Correction
1714571022781978,Correction
1714571022797841,Correction
1714571022817924,Correction
1714571022838112,Correction
1714571022859720,Correction
1714571022883160,Correction
1714571022903541,Correction
1714571022919304,Correction
1714571022938204,Correction
1714571022959525,Correction
1714571022982227,Correction
1714571022998937,Correction
1714571023021080,Correction
1714571023038553,Correction
1714571023058189,Correction
1714571023081420,Correction
1714571023099164,Correction
1714571023119391,Correction
1714571023141574,Correction
1714571023158250,Correction
1714571023178505,Correction
1714571023197796,Correction
1714571023220357,Correction
1714571023239031,Correction
1714571023259988,Correction
1714571023282408,Correction
1714571023299133,Correction
1714571023320550,Correction
1714571023338240,Correction
1714571023357558,Correction
1714571023378620,Correction
1714571023397810,Correction
1714571023418429,Correction
1714571023438880,Correction
1714571023458844,Correction
1714571023479200,Correction
1714571023498005,Correction
1714571023519792,Correction
1714571023541796,Correction
1714571023560485,Correction
1714571023578821,Correction
1714571023599198,Correction
1714571023619044,Correction
1714571023640328,Correction
1714571023660881,Correction
1714571023678118,Correction
1714571023698527,Correction
1714571023720149,Correction
1714571023739394,Correction
1714571023757557,Correction
1714571023779458,Correction
1714571023798712,Correction
1714571023820933,Correction
1714571023839083,Correction
1714571023861668,Correction
1714571023878373,Correction
1714571023900822,Correction
1714571023936158,Correction
1714571023938783,Correction
1714571023958498,Correction
1714571023979293,Correction
1714571023997905,Correction
1714571024022044,Correction
1714571024037766,Correction
1714571024057729,Correction
1714571024078268,Correction
1714571024100699,Correction
1714571024118074,Correction
1714571024138424,Correction
1714571024159071,Correction
1714571024179747,Correction
1714571024199088,Correction
1714571024219131,Correction
1714571024239183,Correction
1714571024257890,Correction
1714571024279831,Correction
1714571024298903,Correction
1714571024319635,Correction
1714571024337534,Correction
1714571024358466,Correction
1714571024377981,Correction
1714571024398673,Correction
1714571024418249,Correction
1714571024439348,Correction
1714571024458409,Correction
1714571024481577,Correction
1714571024497987,Correction
1714571024517851,Correction
1714571024538548,Correction
1714571024558167,Correction
1714571024577417,Correction
1714571024600193,Correction
1714571024618283,Correction
1714571024641117,Correction
1714571024658354,Correction
1714571024678697,Correction
1714571024699202,Correction
1714571024718414,Correction
1714571024738326,Correction
1714571024758448,Correction
1714571024777807,Correction
1714571024798898,Correction
1714571024819325,Correction
1714571024839360,Correction
1714571024860476,Correction
1714571024884063,Correction
1714571024898560,Correction
1714571024918498,Correction
1714571024943389,Correction
1714571024959765,Correction
1714571024979208,Correction
1714571025000539,Correction
1714571025017460,Correction
1714571025044016,Correction
1714571025060014,Correction
1714571025080198,Correction
1714571025099374,Correction
1714571025118051,Correction
1714571025141630,Correction
1714571025159450,Correction
1714571025181080,Correction
1714571025206265,Correction
1714571025222446,Correction
1714571025243564,Correction
