timestamp,position[0],position[1],position[2],velocity[0],velocity[1],velocity[2],acceleration[0],acceleration[1],acceleration[2],jerk[0],jerk[1],jerk[2],yaw,yawspeed
296462585,nan,nan,nan,-0.0102351215,0.019958202,0.15738058,0.13291846,-0.2591873,0.158888,nan,nan,8.0,nan,0.0
296482796,nan,nan,nan,-0.010106017,0.019645274,0.15901469,0.13296826,-0.25847948,0.161696,nan,nan,8.0,nan,0.0
296662529,nan,nan,nan,-0.011363262,0.016703095,0.17337401,0.16021334,-0.23550092,0.160072,nan,nan,8.0,nan,0.0
296862443,nan,nan,nan,-0.011390042,0.01833765,0.18936165,0.15732114,-0.25328267,0.15888,nan,nan,8.0,nan,0.0
297062492,nan,nan,nan,-0.01056541,0.015724331,0.20537148,0.15945992,-0.23732165,0.16084,nan,nan,8.0,nan,0.0
297262376,nan,nan,nan,-0.013469493,0.017300304,0.22135462,0.18919142,-0.2429987,0.16088,nan,nan,8.0,nan,0.0
297462068,nan,nan,nan,-0.010990066,0.01711293,0.23729675,0.16203775,-0.25231335,0.158456,nan,nan,8.0,nan,0.0
297662518,nan,nan,nan,-0.014574725,0.018816827,0.25334635,0.1986387,-0.25645423,0.162928,nan,nan,8.0,nan,0.0
297862065,nan,nan,nan,-0.009951982,0.01325675,0.26930594,0.16707654,-0.2225579,0.161256,nan,nan,8.0,nan,0.0
298061831,nan,nan,nan,-0.014666803,0.016745811,0.28528214,0.20897822,-0.23860072,0.16052,nan,nan,8.0,nan,0.0
298261870,nan,nan,nan,-0.011007893,0.014237451,0.30128872,0.17768312,-0.22981279,0.162136,nan,nan,8.0,nan,0.0
298461708,nan,nan,nan,-0.013090234,0.014025029,0.3172591,0.20408909,-0.21866342,0.161368,nan,nan,8.0,nan,0.0
298661482,nan,nan,nan,-0.011196671,0.014887722,0.333227,0.17771047,-0.23629381,0.160536,nan,nan,8.0,nan,0.0
298861543,nan,nan,nan,-0.013440233,0.015071062,0.34923416,0.20404683,-0.22880574,0.160432,nan,nan,8.0,nan,0.0
299061303,nan,nan,nan,-0.010293914,0.016559198,0.36520237,0.15951338,-0.25659955,0.159848,nan,nan,8.0,nan,0.0
299261306,nan,nan,nan,-0.013124389,0.017587438,0.38119975,0.19037132,-0.25510857,0.159688,nan,nan,8.0,nan,0.0
299461131,nan,nan,nan,-0.009442225,0.02106043,0.3951004,0.13328396,-0.29728347,-0.097591326,nan,nan,-8.0,nan,0.0
299661143,nan,nan,nan,-0.010084445,0.015211921,0.38225168,0.16271162,-0.24544302,-0.160752,nan,nan,-8.0,nan,0.0
299860943,nan,nan,nan,-0.008292567,0.015597843,0.36628628,0.13631801,-0.25640634,-0.160328,nan,nan,-8.0,nan,0.0
300060685,0.5312634,2.079421,nan,0.0,0.0,0.2066029,0.0,0.0,-1.5984161,nan,nan,-8.0,nan,0.0
300260622,0.5312634,2.079421,nan,0.0,0.0,-0.25084493,0.0,0.0,-2.3875318,nan,nan,8.0,nan,0.0
300460597,0.5312634,2.079421,nan,0.0,0.0,-0.616541,0.0,0.0,-1.0941094,nan,nan,8.0,nan,0.0
300660485,0.5312634,2.079421,nan,0.0,0.0,-0.6913582,0.0,0.0,0.0,nan,nan,0.0,nan,0.0
300860398,0.5312634,2.079421,nan,0.0,0.0,-0.6913582,0.0,0.0,0.0,nan,nan,0.0,nan,0.0
301060270,0.5312634,2.079421,nan,0.0,0.0,-0.6913582,0.0,0.0,0.0,nan,nan,0.0,nan,0.0
301260113,0.5312634,2.079421,nan,0.0,0.0,-0.6913582,0.0,0.0,0.0,nan,nan,0.0,nan,0.0
301460221,0.5312634,2.079421,nan,0.0,0.0,-0.6913582,0.0,0.0,0.0,nan,nan,0.0,nan,0.0
301659870,0.5312634,2.079421,nan,0.0,0.0,-0.7138005,0.0,0.0,-0.159912,nan,nan,-8.0,nan,0.0
301859806,0.5312634,2.079421,nan,0.0,0.0,-0.72277606,0.0,0.0,0.0,nan,nan,0.0,nan,0.0
302059689,0.5312634,2.079421,nan,0.0,0.0,-0.72277606,0.0,0.0,0.0,nan,nan,0.0,nan,0.0
302259654,0.5312634,2.079421,nan,0.0,0.0,-0.72277606,0.0,0.0,0.0,nan,nan,0.0,nan,0.0
302459532,0.5312634,2.079421,nan,0.0,0.0,-0.72277606,0.0,0.0,0.0,nan,nan,0.0,nan,0.0
302659488,0.5312634,2.079421,nan,0.0,0.0,-0.7227764,0.0,0.0,0.0022569597,nan,nan,-8.0,nan,0.0
302859314,0.5312634,2.079421,nan,0.0,0.0,-0.72277606,0.0,0.0,0.0,nan,nan,0.0,nan,0.0
303059465,0.5312634,2.079421,nan,0.0,0.0,-0.72277606,0.0,0.0,0.0,nan,nan,0.0,nan,0.0
303259290,0.5312634,2.079421,nan,0.0,0.0,-0.72277606,0.0,0.0,0.0,nan,nan,0.0,nan,0.0
303459014,0.5312634,2.079421,nan,0.0,0.0,-0.72277606,0.0,0.0,0.0,nan,nan,0.0,nan,0.0
303658900,0.5312634,2.079421,nan,0.0,0.0,-0.72277606,0.0,0.0,0.0,nan,nan,0.0,nan,0.0
303858968,0.5312634,2.079421,nan,0.0,0.0,-0.72277606,0.0,0.0,0.0,nan,nan,0.0,nan,0.0
304058733,0.5312634,2.079421,nan,0.0,0.0,-0.72277606,0.0,0.0,0.0,nan,nan,0.0,nan,0.0
304258626,0.5312634,2.079421,nan,0.0,0.0,-0.7275674,0.0,0.0,-0.09244391,nan,nan,8.0,nan,-0.14361136
304458609,0.5312634,2.079421,nan,0.0,0.0,-0.7281015,0.0,0.0,0.0,nan,nan,0.0,nan,-0.5973235
304658508,0.5312634,2.079421,nan,0.0,0.0,-0.7281015,0.0,0.0,0.0,nan,nan,0.0,nan,-1.8026038
304858366,0.5312634,2.079421,nan,0.0,0.0,-0.7281015,0.0,0.0,0.0,nan,nan,0.0,nan,-2.4839492
305058400,0.5312634,2.079421,nan,0.0,0.0,-0.7281015,0.0,0.0,0.0,nan,nan,0.0,nan,-2.5571344
305268178,0.5312634,2.079421,nan,0.0,0.0,-0.7281015,0.0,0.0,0.0,nan,nan,0.0,nan,-2.3404791
305468026,0.5312634,2.079421,nan,0.0,0.0,-0.72277606,0.0,0.0,0.0,nan,nan,0.0,nan,-0.2965833
305658651,0.5312634,2.079421,nan,0.0,0.0,-0.72323006,0.0,0.0,-0.085232,nan,nan,-8.0,nan,-0.035807762
305867812,0.5312634,2.079421,nan,0.0,0.0,-0.7281015,0.0,0.0,0.0,nan,nan,0.0,nan,-1.9897789
306067851,0.5312634,2.079421,nan,0.0,0.0,-0.886891,0.0,0.0,-1.4016088,nan,nan,8.0,nan,-0.71131104
306258365,0.5312634,2.079421,nan,0.0,0.0,-1.0096728,0.0,0.0,0.0,nan,nan,0.0,nan,-0.085079536
306467427,0.5312634,2.079421,nan,0.0,0.0,-1.0096728,0.0,0.0,0.0,nan,nan,0.0,nan,-0.0083786305
306667468,0.5312634,2.079421,nan,0.0,0.0,-0.84960866,0.0,0.0,1.6003199,nan,nan,8.0,nan,-0.0008993586
306867578,0.5312634,2.079421,nan,0.0,0.0,-0.38531917,0.0,0.0,2.4829633,nan,nan,-8.0,nan,-9.647261e-05
307067412,0.5312634,2.079421,nan,0.0,0.0,-0.04886431,0.0,0.0,0.8842114,nan,nan,-8.0,nan,-1.0376111e-05
307267302,0.5312634,2.079421,-3.7307463,0.0,0.0,0.0,0.0,0.0,0.0,nan,nan,0.0,nan,-1.1155703e-06
307467061,0.5312634,2.079421,nan,0.0,0.0,-0.03402383,0.0,0.0,-0.798984,nan,nan,-8.0,nan,-1.2014219e-07
307666792,0.5312634,2.079421,nan,0.0,0.0,-0.16615681,0.0,0.0,0.0,nan,nan,0.0,-1.0191873,-1.2927101e-08
307866754,0.5312634,2.079421,nan,0.0,0.0,-0.16615681,0.0,0.0,0.0,nan,nan,0.0,-1.0191873,-1.3886607e-09
308066710,0.5312634,2.079421,nan,0.0,0.0,-0.16615681,0.0,0.0,0.0,nan,nan,0.0,-1.0191873,-1.4919654e-10
308267458,0.5312634,2.079421,nan,0.0,0.0,-0.16615681,0.0,0.0,0.0,nan,nan,0.0,-1.0191873,-1.5902318e-11
308466667,0.5312634,2.079421,nan,0.0,0.0,-0.16615681,0.0,0.0,0.0,nan,nan,0.0,-1.0191873,-1.7212158e-12
308666569,0.5312634,2.079421,nan,0.0,0.0,-0.16320494,0.0,0.0,0.0,nan,nan,0.0,-1.0191873,-1.850967e-13
308867066,0.5312634,2.079421,nan,0.0,0.0,-0.112465784,0.0,0.0,0.49580932,nan,nan,-8.0,-1.0191873,-1.9770913e-14
309066366,0.5312634,2.079421,nan,0.0,0.0,0.0007906663,0.0,0.0,0.5001153,nan,nan,-8.0,-1.0191873,-2.1390796e-15
309266221,0.5312634,2.079421,-4.1350684,0.0,0.0,-6.7762636e-21,0.0,0.0,0.0,nan,nan,0.0,-1.0191873,-2.299558e-16
309466229,0.5312634,2.079421,-4.1350684,0.0,0.0,0.0,0.0,0.0,0.0,nan,nan,0.0,-1.0191873,-2.468152e-17
309665887,0.5312634,2.079421,-4.1350684,0.0,0.0,0.0,0.0,0.0,0.0,nan,nan,0.0,-1.0191873,-2.6592775e-18
309865957,0.5312634,2.079421,nan,0.0,0.0,-0.0051271576,0.0,0.0,-0.32051998,nan,nan,-8.0,-1.0191873,-2.854439e-19
310065849,0.5312634,2.079421,nan,0.0,0.0,-0.13244088,0.0,0.0,-0.1616118,nan,nan,8.0,-1.0191873,-3.0681997e-20
310265524,0.5312634,2.079421,nan,0.0,0.0,-0.1324823,0.0,0.0,0.14346084,nan,nan,-8.0,-1.0191873,-3.3041701e-21
310465461,0.5312634,2.079421,nan,0.0,0.0,-0.13249695,0.0,0.0,0.14427607,nan,nan,-8.0,-1.0191873,-3.5502714e-22
310665440,0.5312634,2.079421,nan,0.0,0.0,-0.13119598,0.0,0.0,0.0,nan,nan,0.0,-1.0191873,-3.8130087e-23
310865525,0.5312634,2.079421,nan,0.0,0.0,-0.13282768,0.0,0.0,-0.14117126,nan,nan,8.0,-1.0191873,-4.0908382e-24
311065268,0.5312634,2.079421,nan,0.0,0.0,-0.13248056,0.0,0.0,0.14336407,nan,nan,-8.0,-1.0191873,-4.403912e-25
311265127,0.5312634,2.079421,nan,0.0,0.0,-0.13119598,0.0,0.0,0.0,nan,nan,0.0,-1.0191873,-4.7352516e-26
311465013,0.5312634,2.079421,nan,0.0,0.0,-0.13277492,0.0,0.0,-0.14413127,nan,nan,8.0,-1.0191873,-5.0918853e-27
311664862,0.5312634,2.079421,nan,0.0,0.0,-0.13248472,0.0,0.0,0.14359607,nan,nan,-8.0,-1.0191873,-5.4739725e-28
311864753,0.5312634,2.079421,nan,0.0,0.0,-0.13119598,0.0,0.0,0.0,nan,nan,0.0,-1.0191873,-5.883856e-29
312064845,0.5312634,2.079421,nan,0.0,0.0,-0.13570268,0.0,0.0,-0.161464,nan,nan,-8.0,-1.0191873,-6.314197e-30
312264622,0.5312634,2.079421,nan,0.0,0.0,-0.30961707,0.0,0.0,-1.004256,nan,nan,8.0,-1.0191873,-6.7928005e-31
312464429,0.5312634,2.079421,nan,0.0,0.0,-0.56254405,0.0,0.0,-0.74943036,nan,nan,8.0,-1.0191873,-7.311759e-32
312664357,0.5312634,2.079421,nan,0.0,0.0,-0.5976469,0.0,0.0,0.0,nan,nan,0.0,-1.0191873,-7.852659e-33
312864229,0.5312634,2.079421,nan,0.0,0.0,-0.43808478,0.0,0.0,1.5122969,nan,nan,-8.0,-1.0191873,-8.442629e-34
313064184,0.5312634,2.079421,nan,0.0,0.0,-0.15764253,0.0,0.0,0.8351124,nan,nan,-8.0,-1.0191873,-9.0698274e-35
313264238,0.5312634,2.079421,nan,0.0,0.0,-0.116897345,0.0,0.0,0.0,nan,nan,0.0,-1.0191873,-9.7405506e-36
313464047,0.5312634,2.079421,nan,0.0,0.0,-0.116897345,0.0,0.0,0.0,nan,nan,0.0,-1.0191873,-1.047105e-36
313664007,0.5312634,2.079421,nan,0.0,0.0,-0.116897345,0.0,0.0,0.0,nan,nan,0.0,-1.0191873,-1.1251662e-37
313863704,0.5312634,2.079421,nan,0.0,0.0,-0.116897345,0.0,0.0,0.0,nan,nan,0.0,-1.0191873,-1.2117e-38
314063671,0.5312634,2.079421,nan,0.0,0.0,-0.11247086,0.0,0.0,0.159168,nan,nan,8.0,-1.0191873,-1.301289e-39
314263567,0.5312634,2.079421,-4.9584436,0.0,0.0,-0.0014452966,0.0,0.0,0.15206823,nan,nan,-8.0,-1.0191873,-1.39868e-40
314463402,0.5312634,2.079421,-4.9584527,0.0,0.0,0.0,0.0,0.0,0.0,nan,nan,0.0,-1.0191873,-1.5043e-41
314663391,0.5312634,2.079421,-4.9584527,0.0,0.0,0.0,0.0,0.0,0.0,nan,nan,0.0,-1.0191873,-1.616e-42
314863413,0.5312634,2.079421,-4.9584527,0.0,0.0,0.0,0.0,0.0,0.0,nan,nan,0.0,-1.0191873,-1.74e-43
315063323,0.5312634,2.079421,-4.9584527,0.0,0.0,0.0,0.0,0.0,0.0,nan,nan,0.0,-1.0191873,-2e-44
315263101,0.5312634,2.079421,-4.9584527,0.0,0.0,0.0,0.0,0.0,0.0,nan,nan,0.0,-1.0191873,-3e-45
315462995,0.5312634,2.079421,-4.9584527,0.0,0.0,0.0,0.0,0.0,0.0,nan,nan,0.0,-1.0191873,-3e-45
315663123,0.5312634,2.079421,-4.9584527,0.0,0.0,0.0,0.0,0.0,0.0,nan,nan,0.0,-1.0191873,-3e-45
315862955,0.5312634,2.079421,-4.9584527,0.0,0.0,0.0,0.0,0.0,0.0,nan,nan,0.0,-1.0191873,-3e-45
316062616,0.5312634,2.079421,-4.9584527,0.0,0.0,0.0,0.0,0.0,0.0,nan,nan,0.0,-1.0191873,-3e-45
316262622,0.5312634,2.079421,-4.9584527,0.0,0.0,0.0,0.0,0.0,0.0,nan,nan,0.0,-1.0191873,-3e-45
316462476,0.5312634,2.079421,-4.9584527,0.0,0.0,0.0,0.0,0.0,0.0,nan,nan,0.0,-1.0191873,-3e-45
316662277,0.5312634,2.079421,-4.9584527,0.0,0.0,0.0,0.0,0.0,0.0,nan,nan,0.0,-1.0191873,-3e-45
316862495,0.5312634,2.079421,-4.9584527,0.0,0.0,0.0,0.0,0.0,0.0,nan,nan,0.0,-1.0191873,-3e-45
317062435,0.5312634,2.079421,-4.9584527,0.0,0.0,0.0,0.0,0.0,0.0,nan,nan,0.0,-1.0191873,-3e-45
317262096,0.5312634,2.079421,-4.9584527,0.0,0.0,0.0,0.0,0.0,0.0,nan,nan,0.0,-1.0191873,-3e-45
317462084,0.5312634,2.079421,-4.9584527,0.0,0.0,0.0,0.0,0.0,0.0,nan,nan,0.0,-1.0191873,-3e-45
317661989,0.5312634,2.079421,-4.9584527,0.0,0.0,0.0,0.0,0.0,0.0,nan,nan,0.0,-1.0191873,-3e-45
317861755,0.5312634,2.079421,-4.9584527,0.0,0.0,0.0,0.0,0.0,0.0,nan,nan,0.0,-1.0191873,-3e-45
318061708,0.5312634,2.079421,-4.9584527,0.0,0.0,0.0,0.0,0.0,0.0,nan,nan,0.0,-1.0191873,-3e-45
318261612,0.5312634,2.079421,-4.9584527,0.0,0.0,0.0,0.0,0.0,0.0,nan,nan,0.0,-1.0191873,-3e-45
318461489,0.5312634,2.079421,-4.9584527,0.0,0.0,0.0,0.0,0.0,0.0,nan,nan,0.0,-1.0191873,-3e-45
318661320,0.5312634,2.079421,-4.9584527,0.0,0.0,0.0,0.0,0.0,0.0,nan,nan,0.0,-1.0191873,-3e-45
318861218,0.5312634,2.079421,-4.9584527,0.0,0.0,0.0,0.0,0.0,0.0,nan,nan,0.0,-1.0191873,-3e-45
319061209,0.5312634,2.079421,-4.9584527,0.0,0.0,0.0,0.0,0.0,0.0,nan,nan,0.0,-1.0191873,-3e-45
319261113,0.5312634,2.079421,-4.9584527,0.0,0.0,0.0,0.0,0.0,0.0,nan,nan,0.0,-1.0191873,-3e-45
319461089,0.5312634,2.079421,-4.9584527,0.0,0.0,0.0,0.0,0.0,0.0,nan,nan,0.0,-1.0191873,-3e-45
319660984,0.5312634,2.079421,-4.9584527,0.0,0.0,0.0,0.0,0.0,0.0,nan,nan,0.0,-1.0191873,-3e-45
319860792,0.5312634,2.079421,-4.9584527,0.0,0.0,0.0,0.0,0.0,0.0,nan,nan,0.0,-1.0191873,-3e-45
320060550,0.5312634,2.079421,-4.9584527,0.0,0.0,0.0,0.0,0.0,0.0,nan,nan,0.0,-1.0191873,-3e-45
320260501,0.5312634,2.079421,-4.9584527,0.0,0.0,0.0,0.0,0.0,0.0,nan,nan,0.0,-1.0191873,-3e-45
320460416,0.5312634,2.079421,-4.9584527,0.0,0.0,0.0,0.0,0.0,0.0,nan,nan,0.0,-1.0191873,-3e-45
320660329,0.5312634,2.079421,-4.9584527,0.0,0.0,0.0,0.0,0.0,0.0,nan,nan,0.0,-1.0191873,-3e-45
320860303,0.5312634,2.079421,-4.9584527,0.0,0.0,0.0,0.0,0.0,0.0,nan,nan,0.0,-1.0191873,-3e-45
321060261,0.5312634,2.079421,-4.9584527,0.0,0.0,0.0,0.0,0.0,0.0,nan,nan,0.0,-1.0191873,-3e-45
321260018,0.5312634,2.079421,-4.9584527,0.0,0.0,0.0,0.0,0.0,0.0,nan,nan,0.0,-1.0191873,-3e-45
321459948,0.5312634,2.079421,-4.9584527,0.0,0.0,0.0,0.0,0.0,0.0,nan,nan,0.0,-1.0191873,-3e-45
321659852,0.5312634,2.079421,-4.9584527,0.0,0.0,0.0,0.0,0.0,0.0,nan,nan,0.0,-1.0191873,-3e-45
321860299,0.5312634,2.079421,-4.9584527,0.0,0.0,0.0,0.0,0.0,0.0,nan,nan,0.0,-1.0191873,-3e-45
322059496,0.5312634,2.079421,-4.9584527,0.0,0.0,0.0,0.0,0.0,0.0,nan,nan,0.0,-1.0191873,-3e-45
322259386,0.5312634,2.079421,-4.9584527,0.0,0.0,0.0,0.0,0.0,0.0,nan,nan,0.0,-1.0191873,-3e-45
322459469,0.5312634,2.079421,-4.9584527,0.0,0.0,0.0,0.0,0.0,0.0,nan,nan,0.0,-1.0191873,-3e-45
322659264,0.5312634,2.079421,-4.9584527,0.0,0.0,0.0,0.0,0.0,0.0,nan,nan,0.0,-1.0191873,-3e-45
322859285,0.5312634,2.079421,-4.9584527,0.0,0.0,0.0,0.0,0.0,0.0,nan,nan,0.0,-1.0191873,-3e-45
323059548,0.5312634,2.079421,-4.9584527,0.0,0.0,0.0,0.0,0.0,0.0,nan,nan,0.0,-1.0191873,-3e-45
323259137,0.5312634,2.079421,-4.9584527,0.0,0.0,0.0,0.0,0.0,0.0,nan,nan,0.0,-1.0191873,-3e-45
323458967,0.5312634,2.079421,-4.9584527,0.0,0.0,0.0,0.0,0.0,0.0,nan,nan,0.0,-1.0191873,-3e-45
323658996,0.5312634,2.079421,-4.9584527,0.0,0.0,0.0,0.0,0.0,0.0,nan,nan,0.0,-1.0191873,-3e-45
323858694,0.5312634,2.079421,-4.9584527,0.0,0.0,0.0,0.0,0.0,0.0,nan,nan,0.0,-1.0191873,-3e-45
324058596,0.5312634,2.079421,-4.9584527,0.0,0.0,0.0,0.0,0.0,0.0,nan,nan,0.0,-1.0191873,-3e-45
324258499,0.5312634,2.079421,-4.9584527,0.0,0.0,0.0,0.0,0.0,0.0,nan,nan,0.0,-1.0191873,-3e-45
324458333,0.5312634,2.079421,-4.9584527,0.0,0.0,0.0,0.0,0.0,0.0,nan,nan,0.0,-1.0191873,-3e-45
324668222,0.5312634,2.079421,-4.9584527,0.0,0.0,0.0,0.0,0.0,0.0,nan,nan,0.0,-1.0191873,-1e-45
324858329,0.5312634,2.079421,-4.9584527,0.0,0.0,0.0,0.0,0.0,0.0,nan,nan,0.0,-1.0191873,-1e-45
325068103,0.5312634,2.079421,-4.9584527,0.0,0.0,0.0,0.0,0.0,0.0,nan,nan,0.0,-1.0191873,-1e-45
325268017,0.5312634,2.079421,-4.9584527,0.0,0.0,0.0,0.0,0.0,0.0,nan,nan,0.0,-1.0191873,-1e-45
325467920,0.5312634,2.079421,-4.9584527,0.0,0.0,0.0,0.0,0.0,0.0,nan,nan,0.0,-1.0191873,-1e-45
325667972,0.5312634,2.079421,-4.9584527,0.0,0.0,0.0,0.0,0.0,0.0,nan,nan,0.0,-1.0191873,-1e-45
325867674,0.5312634,2.079421,-4.9584527,0.0,0.0,0.0,0.0,0.0,0.0,nan,nan,0.0,-1.0191873,-1e-45
326067533,0.5312634,2.079421,-4.9584527,0.0,0.0,0.0,0.0,0.0,0.0,nan,nan,0.0,-1.0191873,-1e-45
326267600,0.5312634,2.079421,-4.9584527,0.0,0.0,0.0,0.0,0.0,0.0,nan,nan,0.0,-1.0191873,-1e-45
326467345,0.5312634,2.079421,-4.9584527,0.0,0.0,0.0,0.0,0.0,0.0,nan,nan,0.0,-1.0191873,-1e-45
326667324,0.5312634,2.079421,-4.9584527,0.0,0.0,0.0,0.0,0.0,0.0,nan,nan,0.0,-1.0191873,-1e-45
326867352,0.5312634,2.079421,-4.9584527,0.0,0.0,0.0,0.0,0.0,0.0,nan,nan,0.0,-1.0191873,-1e-45
327067273,0.5312634,2.079421,-4.9584527,0.0,0.0,0.0,0.0,0.0,0.0,nan,nan,0.0,-1.0191873,-1e-45
327267141,0.5312634,2.079421,-4.9584527,0.0,0.0,0.0,0.0,0.0,0.0,nan,nan,0.0,-1.0191873,-1e-45
327467175,0.5312634,2.079421,-4.9584527,0.0,0.0,0.0,0.0,0.0,0.0,nan,nan,0.0,-1.0191873,-1e-45
327667005,0.5312634,2.079421,-4.9584527,0.0,0.0,0.0,0.0,0.0,0.0,nan,nan,0.0,-1.0191873,-1e-45
327866710,0.5312634,2.079421,-4.9584527,0.0,0.0,0.0,0.0,0.0,0.0,nan,nan,0.0,-1.0191873,-1e-45
328066974,0.5312634,2.079421,-4.9584527,0.0,0.0,0.0,0.0,0.0,0.0,nan,nan,0.0,-1.0191873,-1e-45
328266532,0.5312634,2.079421,-4.9584527,0.0,0.0,0.0,0.0,0.0,0.0,nan,nan,0.0,-1.0191873,-1e-45
328466534,0.5312634,2.079421,-4.9584527,0.0,0.0,0.0,0.0,0.0,0.0,nan,nan,0.0,-1.0191873,-1e-45
328666792,0.5312634,2.079421,-4.9584527,0.0,0.0,0.0,0.0,0.0,0.0,nan,nan,0.0,-1.0191873,-1e-45
328866221,0.5312634,2.079421,-4.9584527,0.0,0.0,0.0,0.0,0.0,0.0,nan,nan,0.0,-1.0191873,-1e-45
329066185,0.5312634,2.079421,-4.9584527,0.0,0.0,0.0,0.0,0.0,0.0,nan,nan,0.0,-1.0191873,-1e-45
329265984,0.5312634,2.079421,-4.9584527,0.0,0.0,0.0,0.0,0.0,0.0,nan,nan,0.0,-1.0191873,-1e-45
329465902,0.5312634,2.079421,-4.9584527,0.0,0.0,0.0,0.0,0.0,0.0,nan,nan,0.0,-1.0191873,-1e-45
329665865,0.5312634,2.079421,-4.9584527,0.0,0.0,0.0,0.0,0.0,0.0,nan,nan,0.0,-1.0191873,-1e-45
329865824,0.5312634,2.079421,-4.9584527,0.0,0.0,0.0,0.0,0.0,0.0,nan,nan,0.0,-1.0191873,-1e-45
330065522,0.5312634,2.079421,-4.9584527,0.0,0.0,0.0,0.0,0.0,0.0,nan,nan,0.0,-1.0191873,-1e-45
330265444,0.5312634,2.079421,-4.9584527,0.0,0.0,0.0,0.0,0.0,0.0,nan,nan,0.0,-1.0191873,-1e-45
330465268,0.5312634,2.079421,-4.9584527,0.0,0.0,0.0,0.0,0.0,0.0,nan,nan,0.0,-1.0191873,-1e-45
330665190,0.5312634,2.079421,-4.9584527,0.0,0.0,0.0,0.0,0.0,0.0,nan,nan,0.0,-1.0191873,-1e-45
330865168,0.5312634,2.079421,-4.9584527,0.0,0.0,0.0,0.0,0.0,0.0,nan,nan,0.0,-1.0191873,-1e-45
331065076,0.5312634,2.079421,-4.9584527,0.0,0.0,0.0,0.0,0.0,0.0,nan,nan,0.0,-1.0191873,-1e-45
331265043,0.5312634,2.079421,-4.9584527,0.0,0.0,0.0,0.0,0.0,0.0,nan,nan,0.0,-1.0191873,-1e-45
331464819,0.5312634,2.079421,-4.9584527,0.0,0.0,0.0,0.0,0.0,0.0,nan,nan,0.0,-1.0191873,-1e-45
331664741,0.5312634,2.079421,-4.9584527,0.0,0.0,0.0,0.0,0.0,0.0,nan,nan,0.0,-1.0191873,-1e-45
331864666,0.5312634,2.079421,-4.9584527,0.0,0.0,0.0,0.0,0.0,0.0,nan,nan,0.0,-1.0191873,-1e-45
332064518,0.5312634,2.079421,-4.9584527,0.0,0.0,0.0,0.0,0.0,0.0,nan,nan,0.0,-1.0191873,-1e-45
332264344,0.5312634,2.079421,-4.9584527,0.0,0.0,0.0,0.0,0.0,0.0,nan,nan,0.0,-1.0191873,-1e-45
332464554,0.5312634,2.079421,-4.9584527,0.0,0.0,0.0,0.0,0.0,0.0,nan,nan,0.0,-1.0191873,-1e-45
332664169,0.5312634,2.079421,-4.9584527,0.0,0.0,0.0,0.0,0.0,0.0,nan,nan,0.0,-1.0191873,-1e-45
332864076,0.5312634,2.079421,-4.9584527,0.0,0.0,0.0,0.0,0.0,0.0,nan,nan,0.0,-1.0191873,-1e-45
333064161,0.5312634,2.079421,-4.9584527,0.0,0.0,0.0,0.0,0.0,0.0,nan,nan,0.0,-1.0191873,-1e-45
333263884,0.5312634,2.079421,-4.9584527,0.0,0.0,0.0,0.0,0.0,0.0,nan,nan,0.0,-1.0191873,-1e-45
333463754,0.5312634,2.079421,-4.9584527,0.0,0.0,0.0,0.0,0.0,0.0,nan,nan,0.0,-1.0191873,-1e-45
333663727,0.5312634,2.079421,-4.9584527,0.0,0.0,0.0,0.0,0.0,0.0,nan,nan,0.0,-1.0191873,-1e-45
333863667,0.5312634,2.079421,-4.9584527,0.0,0.0,0.0,0.0,0.0,0.0,nan,nan,0.0,-1.0191873,-1e-45
334063480,0.5312634,2.079421,-4.9584527,0.0,0.0,0.0,0.0,0.0,0.0,nan,nan,0.0,-1.0191873,-1e-45
334263408,0.5312634,2.079421,-4.9584527,0.0,0.0,0.0,0.0,0.0,0.0,nan,nan,0.0,-1.0191873,-1e-45
334463153,0.5312634,2.079421,-4.9584527,0.0,0.0,0.0,0.0,0.0,0.0,nan,nan,0.0,-1.0191873,-1e-45
334663038,0.5312634,2.079421,-4.9584527,0.0,0.0,0.0,0.0,0.0,0.0,nan,nan,0.0,-1.0191873,-1e-45
334862930,0.5312634,2.079421,-4.9584527,0.0,0.0,0.0,0.0,0.0,0.0,nan,nan,0.0,-1.0191873,-1e-45
335063029,0.5312634,2.079421,-4.9584527,0.0,0.0,0.0,0.0,0.0,0.0,nan,nan,0.0,-1.0191873,-1e-45
335262910,0.5312634,2.079421,-4.9584527,0.0,0.0,0.0,0.0,0.0,0.0,nan,nan,0.0,-1.0191873,-1e-45
335462756,0.5312634,2.079421,-4.9584527,0.0,0.0,0.0,0.0,0.0,0.0,nan,nan,0.0,-1.0191873,-1e-45
335662673,0.5312634,2.079421,-4.9584527,0.0,0.0,0.0,0.0,0.0,0.0,nan,nan,0.0,-1.0191873,-1e-45
335862572,0.5312634,2.079421,-4.9584527,0.0,0.0,0.0,0.0,0.0,0.0,nan,nan,0.0,-1.0191873,-1e-45
336062426,0.5312634,2.079421,-4.9584527,0.0,0.0,0.0,0.0,0.0,0.0,nan,nan,0.0,-1.0191873,-1e-45
336262551,0.5312634,2.079421,-4.9584527,0.0,0.0,0.0,0.0,0.0,0.0,nan,nan,0.0,-1.0191873,-1e-45
336462205,0.5312634,2.079421,-4.9584527,0.0,0.0,0.0,0.0,0.0,0.0,nan,nan,0.0,-1.0191873,-1e-45
336662151,0.5312634,2.079421,-4.9584527,0.0,0.0,0.0,0.0,0.0,0.0,nan,nan,0.0,-1.0191873,-1e-45
336862098,0.5312634,2.079421,-4.9584527,0.0,0.0,0.0,0.0,0.0,0.0,nan,nan,0.0,-1.0191873,-1e-45
337062021,0.5312634,2.079421,-4.9584527,0.0,0.0,0.0,0.0,0.0,0.0,nan,nan,0.0,-1.0191873,-1e-45
337261964,0.5312634,2.079421,-4.9584527,0.0,0.0,0.0,0.0,0.0,0.0,nan,nan,0.0,-1.0191873,-1e-45
337461925,0.5312634,2.079421,-4.9584527,0.0,0.0,0.0,0.0,0.0,0.0,nan,nan,0.0,-1.0191873,-1e-45
337661773,0.5312634,2.079421,-4.9584527,0.0,0.0,0.0,0.0,0.0,0.0,nan,nan,0.0,-1.0191873,-1e-45
337861714,0.5312634,2.079421,-4.9584527,0.0,0.0,0.0,0.0,0.0,0.0,nan,nan,0.0,-1.0191873,-1e-45
338061460,0.5312634,2.079421,-4.9584527,0.0,0.0,0.0,0.0,0.0,0.0,nan,nan,0.0,-1.0191873,-1e-45
338261360,0.5312634,2.079421,-4.9584527,0.0,0.0,0.0,0.0,0.0,0.0,nan,nan,0.0,-1.0191873,-1e-45
338461171,0.5312634,2.079421,-4.9584527,0.0,0.0,0.0,0.0,0.0,0.0,nan,nan,0.0,-1.0191873,-1e-45
338661031,0.5312634,2.079421,-4.9584527,0.0,0.0,0.0,0.0,0.0,0.0,nan,nan,0.0,-1.0191873,-1e-45
338860892,0.5312634,2.079421,-4.9584527,0.0,0.0,0.0,0.0,0.0,0.0,nan,nan,0.0,-1.0191873,-1e-45
339060926,0.5312634,2.079421,-4.9584527,0.0,0.0,0.0,0.0,0.0,0.0,nan,nan,0.0,-1.0191873,-1e-45
339260994,0.5312634,2.079421,-4.9584527,0.0,0.0,0.0,0.0,0.0,0.0,nan,nan,0.0,-1.0191873,-1e-45
339460889,0.5312634,2.079421,-4.9584527,0.0,0.0,0.0,0.0,0.0,0.0,nan,nan,0.0,-1.0191873,-1e-45
339660650,0.5312634,2.079421,-4.9584527,0.0,0.0,0.0,0.0,0.0,0.0,nan,nan,0.0,-1.0191873,-1e-45
339860656,0.5312634,2.079421,-4.9584527,0.0,0.0,0.0,0.0,0.0,0.0,nan,nan,0.0,-1.0191873,-1e-45
340060999,0.5312634,2.079421,-4.9584527,0.0,0.0,0.0,0.0,0.0,0.0,nan,nan,0.0,-1.0191873,-1e-45
340260291,0.5312634,2.079421,-4.9584527,0.0,0.0,0.0,0.0,0.0,0.0,nan,nan,0.0,-1.0191873,-1e-45
340460330,0.5312634,2.079421,-4.9584527,0.0,0.0,0.0,0.0,0.0,0.0,nan,nan,0.0,-1.0191873,-1e-45
340660071,0.5312634,2.079421,-4.9584527,0.0,0.0,0.0,0.0,0.0,0.0,nan,nan,0.0,-1.0191873,-1e-45
340859991,0.5312634,2.079421,-4.9584527,0.0,0.0,0.0,0.0,0.0,0.0,nan,nan,0.0,-1.0191873,-1e-45
341060021,0.5312634,2.079421,-4.9584527,0.0,0.0,0.0,0.0,0.0,0.0,nan,nan,0.0,-1.0191873,-1e-45
341259813,0.5312634,2.079421,-4.9584527,0.0,0.0,0.0,0.0,0.0,0.0,nan,nan,0.0,-1.0191873,-1e-45
341459729,0.5312634,2.079421,-4.9584527,0.0,0.0,0.0,0.0,0.0,0.0,nan,nan,0.0,-1.0191873,-1e-45
341659603,0.5312634,2.079421,-4.9584527,0.0,0.0,0.0,0.0,0.0,0.0,nan,nan,0.0,-1.0191873,-1e-45
341859661,0.5312634,2.079421,-4.9584527,0.0,0.0,0.0,0.0,0.0,0.0,nan,nan,0.0,-1.0191873,-1e-45
342059542,0.5312634,2.079421,-4.9584527,0.0,0.0,0.0,0.0,0.0,0.0,nan,nan,0.0,-1.0191873,-1e-45
342259774,0.5312634,2.079421,-4.9584527,0.0,0.0,0.0,0.0,0.0,0.0,nan,nan,0.0,-1.0191873,-1e-45
342459113,0.5312634,2.079421,-4.9584527,0.0,0.0,0.0,0.0,0.0,0.0,nan,nan,0.0,-1.0191873,-1e-45
342659028,0.5312634,2.079421,-4.9584527,0.0,0.0,0.0,0.0,0.0,0.0,nan,nan,0.0,-1.0191873,-1e-45
342858903,0.5312634,2.079421,-4.9584527,0.0,0.0,0.0,0.0,0.0,0.0,nan,nan,0.0,-1.0191873,-1e-45
343058838,0.5312634,2.079421,-4.9584527,0.0,0.0,0.0,0.0,0.0,0.0,nan,nan,0.0,-1.0191873,-1e-45
343258749,0.5312634,2.079421,-4.9584527,0.0,0.0,0.0,0.0,0.0,0.0,nan,nan,0.0,-1.0191873,-1e-45
343458617,0.5312634,2.079421,-4.9584527,0.0,0.0,0.0,0.0,0.0,0.0,nan,nan,0.0,-1.0191873,-1e-45
343658508,0.5312634,2.079421,-4.9584527,0.0,0.0,0.0,0.0,0.0,0.0,nan,nan,0.0,-1.0191873,-1e-45
343858491,0.5312634,2.079421,-4.9584527,0.0,0.0,0.0,0.0,0.0,0.0,nan,nan,0.0,-1.0191873,-1e-45
344058301,0.5312634,2.079421,-4.9584527,0.0,0.0,0.0,0.0,0.0,0.0,nan,nan,0.0,-1.0191873,-1e-45
344268343,0.5312634,2.079421,-4.9584527,0.0,0.0,0.0,0.0,0.0,0.0,nan,nan,0.0,-1.0191873,-1e-45
344468136,0.5312634,2.079421,-4.9584527,0.0,0.0,0.0,0.0,0.0,0.0,nan,nan,0.0,-1.0191873,-1e-45
344667989,0.5312634,2.079421,-4.9584527,0.0,0.0,0.0,0.0,0.0,0.0,nan,nan,0.0,-1.0191873,-1e-45
344868106,0.5312634,2.079421,-4.9584527,0.0,0.0,0.0,0.0,0.0,0.0,nan,nan,0.0,-1.0191873,-1e-45
345067736,0.5312634,2.079421,-4.9584527,0.0,0.0,0.0,0.0,0.0,0.0,nan,nan,0.0,-1.0191873,-1e-45
345267755,0.5312634,2.079421,-4.9584527,0.0,0.0,0.0,0.0,0.0,0.0,nan,nan,0.0,-1.0191873,-1e-45
345467643,0.5312634,2.079421,-4.9584527,0.0,0.0,0.0,0.0,0.0,0.0,nan,nan,0.0,-1.0191873,-1e-45
345667480,0.5312634,2.079421,-4.9584527,0.0,0.0,0.0,0.0,0.0,0.0,nan,nan,0.0,-1.0191873,-1e-45
345867357,0.5312634,2.079421,-4.9584527,0.0,0.0,0.0,0.0,0.0,0.0,nan,nan,0.0,-1.0191873,-1e-45
346067220,0.5312634,2.079421,-4.9584527,0.0,0.0,0.0,0.0,0.0,0.0,nan,nan,0.0,-1.0191873,-1e-45
346267092,0.5312634,2.079421,-4.9584527,0.0,0.0,0.0,0.0,0.0,0.0,nan,nan,0.0,-1.0191873,-1e-45
346467040,0.5312634,2.079421,-4.9584527,0.0,0.0,0.0,0.0,0.0,0.0,nan,nan,0.0,-1.0191873,-1e-45
346667025,0.5312634,2.079421,-4.9584527,0.0,0.0,0.0,0.0,0.0,0.0,nan,nan,0.0,-1.0191873,-1e-45
346866836,0.5312634,2.079421,-4.9584527,0.0,0.0,0.0,0.0,0.0,0.0,nan,nan,0.0,-1.0191873,-1e-45
347066718,0.5312634,2.079421,-4.9584527,0.0,0.0,0.0,0.0,0.0,0.0,nan,nan,0.0,-1.0191873,-1e-45
347266676,0.5312634,2.079421,-4.9584527,0.0,0.0,0.0,0.0,0.0,0.0,nan,nan,0.0,-1.0191873,-1e-45
347466680,0.5312634,2.079421,-4.9584527,0.0,0.0,0.0,0.0,0.0,0.0,nan,nan,0.0,-1.0191873,-1e-45
347666600,0.5312634,2.079421,-4.9584527,0.0,0.0,0.0,0.0,0.0,0.0,nan,nan,0.0,-1.0191873,-1e-45
347866504,0.5312634,2.079421,-4.9584527,0.0,0.0,0.0,0.0,0.0,0.0,nan,nan,0.0,-1.0191873,-1e-45
348066396,0.5312634,2.079421,-4.9584527,0.0,0.0,0.0,0.0,0.0,0.0,nan,nan,0.0,-1.0191873,-1e-45
348266166,0.5312634,2.079421,-4.9584527,0.0,0.0,0.0,0.0,0.0,0.0,nan,nan,0.0,-1.0191873,-1e-45
348466199,0.5312634,2.079421,-4.9584527,0.0,0.0,0.0,0.0,0.0,0.0,nan,nan,0.0,-1.0191873,-1e-45
348666074,0.5312634,2.079421,-4.9584527,0.0,0.0,0.0,0.0,0.0,0.0,nan,nan,0.0,-1.0191873,-1e-45
348865868,0.5312634,2.079421,-4.9584527,0.0,0.0,0.0,0.0,0.0,0.0,nan,nan,0.0,-1.0191873,-1e-45
349065946,0.5312634,2.079421,-4.9584527,0.0,0.0,0.0,0.0,0.0,0.0,nan,nan,0.0,-1.0191873,-1e-45
349265647,0.5312634,2.079421,-4.9584527,0.0,0.0,0.0,0.0,0.0,0.0,nan,nan,0.0,-1.0191873,-1e-45
349465511,0.5312634,2.079421,-4.9584527,0.0,0.0,0.0,0.0,0.0,0.0,nan,nan,0.0,-1.0191873,-1e-45
349665399,0.5312634,2.079421,-4.9584527,0.0,0.0,0.0,0.0,0.0,0.0,nan,nan,0.0,-1.0191873,-1e-45
349865453,0.5312634,2.079421,-4.9584527,0.0,0.0,0.0,0.0,0.0,0.0,nan,nan,0.0,-1.0191873,-1e-45
350065215,0.5312634,2.079421,-4.9584527,0.0,0.0,0.0,0.0,0.0,0.0,nan,nan,0.0,-1.0191873,-1e-45
350264992,0.5312634,2.079421,-4.9584527,0.0,0.0,0.0,0.0,0.0,0.0,nan,nan,0.0,-1.0191873,-1e-45
350464966,0.5312634,2.079421,-4.9584527,0.0,0.0,0.0,0.0,0.0,0.0,nan,nan,0.0,-1.0191873,-1e-45
350664767,0.5312634,2.079421,-4.9584527,0.0,0.0,0.0,0.0,0.0,0.0,nan,nan,0.0,-1.0191873,-1e-45
350864656,0.5312634,2.079421,-4.9584527,0.0,0.0,0.0,0.0,0.0,0.0,nan,nan,0.0,-1.0191873,-1e-45
351064719,0.5312634,2.079421,-4.9584527,0.0,0.0,0.0,0.0,0.0,0.0,nan,nan,0.0,-1.0191873,-1e-45
351264729,0.5312634,2.079421,-4.9584527,0.0,0.0,0.0,0.0,0.0,0.0,nan,nan,0.0,-1.0191873,-1e-45
351464496,0.5312634,2.079421,-4.9584527,0.0,0.0,0.0,0.0,0.0,0.0,nan,nan,0.0,-1.0191873,-1e-45
351664502,0.5312634,2.079421,-4.9584527,0.0,0.0,0.0,0.0,0.0,0.0,nan,nan,0.0,-1.0191873,-1e-45
351864341,0.5312634,2.079421,-4.9584527,0.0,0.0,0.0,0.0,0.0,0.0,nan,nan,0.0,-1.0191873,-1e-45
352064445,0.5312634,2.079421,-4.9584527,0.0,0.0,0.0,0.0,0.0,0.0,nan,nan,0.0,-1.0191873,-1e-45
352264340,0.5312634,2.079421,-4.9584527,0.0,0.0,0.0,0.0,0.0,0.0,nan,nan,0.0,-1.0191873,-1e-45
352463851,0.5312634,2.079421,-4.9584527,0.0,0.0,0.0,0.0,0.0,0.0,nan,nan,0.0,-1.0191873,-1e-45
352663743,0.5312634,2.079421,-4.9584527,0.0,0.0,0.0,0.0,0.0,0.0,nan,nan,0.0,-1.0191873,-1e-45
352863738,0.5312634,2.079421,-4.9584527,0.0,0.0,0.0,0.0,0.0,0.0,nan,nan,0.0,-1.0191873,-1e-45
353063581,0.5312634,2.079421,-4.9584527,0.0,0.0,0.0,0.0,0.0,0.0,nan,nan,0.0,-1.0191873,-1e-45
353263467,0.5312634,2.079421,-4.9584527,0.0,0.0,0.0,0.0,0.0,0.0,nan,nan,0.0,-1.0191873,-1e-45
353463511,0.5312634,2.079421,-4.9584527,0.0,0.0,0.0,0.0,0.0,0.0,nan,nan,0.0,-1.0191873,-1e-45
353663314,0.5312634,2.079421,-4.9584527,0.0,0.0,0.0,0.0,0.0,0.0,nan,nan,0.0,-1.0191873,-1e-45
353863206,0.5312634,2.079421,-4.9584527,0.0,0.0,0.0,0.0,0.0,0.0,nan,nan,0.0,-1.0191873,-1e-45
354063070,0.5312634,2.079421,-4.9584527,0.0,0.0,0.0,0.0,0.0,0.0,nan,nan,0.0,-1.0191873,-1e-45
354262978,0.5312634,2.079421,-4.9584527,0.0,0.0,0.0,0.0,0.0,0.0,nan,nan,0.0,-1.0191873,-1e-45
354462814,0.5312634,2.079421,-4.9584527,0.0,0.0,0.0,0.0,0.0,0.0,nan,nan,0.0,-1.0191873,-1e-45
354662625,0.5312634,2.079421,-4.9584527,0.0,0.0,0.0,0.0,0.0,0.0,nan,nan,0.0,-1.0191873,-1e-45
354862546,0.5312634,2.079421,-4.9584527,0.0,0.0,0.0,0.0,0.0,0.0,nan,nan,0.0,-1.0191873,-1e-45
355062577,0.5312634,2.079421,-4.9584527,0.0,0.0,0.0,0.0,0.0,0.0,nan,nan,0.0,-1.0191873,-1e-45
355262360,0.5312634,2.079421,-4.9584527,0.0,0.0,0.0,0.0,0.0,0.0,nan,nan,0.0,-1.0191873,-1e-45
355462334,0.5312634,2.079421,-4.9584527,0.0,0.0,0.0,0.0,0.0,0.0,nan,nan,0.0,-1.0191873,-1e-45
355662142,0.5312634,2.079421,-4.9584527,0.0,0.0,0.0,0.0,0.0,0.0,nan,nan,0.0,-1.0191873,-1e-45
355862017,0.5312634,2.079421,-4.9584527,0.0,0.0,0.0,0.0,0.0,0.0,nan,nan,0.0,-1.0191873,-1e-45
356062021,0.5312634,2.079421,-4.9584527,0.0,0.0,0.0,0.0,0.0,0.0,nan,nan,0.0,-1.0191873,-1e-45
356261906,0.5312634,2.079421,-4.9584527,0.0,0.0,0.0,0.0,0.0,0.0,nan,nan,0.0,-1.0191873,-1e-45
356461818,0.5312634,2.079421,-4.9584527,0.0,0.0,0.0,0.0,0.0,0.0,nan,nan,0.0,-1.0191873,-1e-45
356661717,0.5312634,2.079421,-4.9584527,0.0,0.0,0.0,0.0,0.0,0.0,nan,nan,0.0,-1.0191873,-1e-45
356861752,0.5312634,2.079421,-4.9584527,0.0,0.0,0.0,0.0,0.0,0.0,nan,nan,0.0,-1.0191873,-1e-45
357061528,0.5312634,2.079421,-4.9584527,0.0,0.0,0.0,0.0,0.0,0.0,nan,nan,0.0,-1.0191873,-1e-45
357261949,0.5312634,2.079421,-4.9584527,0.0,0.0,0.0,0.0,0.0,0.0,nan,nan,0.0,-1.0191873,-1e-45
357461385,0.5312634,2.079421,-4.9584527,0.0,0.0,0.0,0.0,0.0,0.0,nan,nan,0.0,-1.0191873,-1e-45
357661266,0.5312634,2.079421,-4.9584527,0.0,0.0,0.0,0.0,0.0,0.0,nan,nan,0.0,-1.0191873,-1e-45
357861259,0.5312634,2.079421,-4.9584527,0.0,0.0,0.0,0.0,0.0,0.0,nan,nan,0.0,-1.0191873,-1e-45
358061070,0.5312634,2.079421,-4.9584527,0.0,0.0,0.0,0.0,0.0,0.0,nan,nan,0.0,-1.0191873,-1e-45
358260876,0.5312634,2.079421,-4.9584527,0.0,0.0,0.0,0.0,0.0,0.0,nan,nan,0.0,-1.0191873,-1e-45
358460824,0.5312634,2.079421,-4.9584527,0.0,0.0,0.0,0.0,0.0,0.0,nan,nan,0.0,-1.0191873,-1e-45
358660535,0.5312634,2.079421,-4.9584527,0.0,0.0,0.0,0.0,0.0,0.0,nan,nan,0.0,-1.0191873,-1e-45
358860516,0.5312634,2.079421,-4.9584527,0.0,0.0,0.0,0.0,0.0,0.0,nan,nan,0.0,-1.0191873,-1e-45
359060579,0.5312634,2.079421,-4.9584527,0.0,0.0,0.0,0.0,0.0,0.0,nan,nan,0.0,-1.0191873,-1e-45
359260246,0.5312634,2.079421,-4.9584527,0.0,0.0,0.0,0.0,0.0,0.0,nan,nan,0.0,-1.0191873,-1e-45
359460141,0.5312634,2.079421,-4.9584527,0.0,0.0,0.0,0.0,0.0,0.0,nan,nan,0.0,-1.0191873,-1e-45
359659965,0.5312634,2.079421,-4.9584527,0.0,0.0,0.0,0.0,0.0,0.0,nan,nan,0.0,-1.0191873,-1e-45
359859979,0.5312634,2.079421,-4.9584527,0.0,0.0,0.0,0.0,0.0,0.0,nan,nan,0.0,-1.0191873,-1e-45
360059874,0.5312634,2.079421,-4.9584527,0.0,0.0,0.0,0.0,0.0,0.0,nan,nan,0.0,-1.0191873,-1e-45
360259750,0.5312634,2.079421,-4.9584527,0.0,0.0,0.0,0.0,0.0,0.0,nan,nan,0.0,-1.0191873,-1e-45
360459524,0.5312634,2.079421,-4.9584527,0.0,0.0,0.0,0.0,0.0,0.0,nan,nan,0.0,-1.0191873,-1e-45
360659397,0.5312634,2.079421,-4.9584527,0.0,0.0,0.0,0.0,0.0,0.0,nan,nan,0.0,-1.0191873,-1e-45
360859408,0.5312634,2.079421,-4.9584527,0.0,0.0,0.0,0.0,0.0,0.0,nan,nan,0.0,-1.0191873,-1e-45
361059299,0.5312634,2.079421,-4.9584527,0.0,0.0,0.0,0.0,0.0,0.0,nan,nan,0.0,-1.0191873,-1e-45
361259205,0.5312634,2.079421,-4.9584527,0.0,0.0,0.0,0.0,0.0,0.0,nan,nan,0.0,-1.0191873,-1e-45
361459134,0.5312634,2.079421,-4.9584527,0.0,0.0,0.0,0.0,0.0,0.0,nan,nan,0.0,-1.0191873,-1e-45
361658990,0.5312634,2.079421,-4.9584527,0.0,0.0,0.0,0.0,0.0,0.0,nan,nan,0.0,-1.0191873,-1e-45
361858868,0.5312634,2.079421,-4.9584527,0.0,0.0,0.0,0.0,0.0,0.0,nan,nan,0.0,-1.0191873,-1e-45
362058804,0.5312634,2.079421,-4.9584527,0.0,0.0,0.0,0.0,0.0,0.0,nan,nan,0.0,-1.0191873,-1e-45
362258717,0.5312634,2.079421,-4.9584527,0.0,0.0,0.0,0.0,0.0,0.0,nan,nan,0.0,-1.0191873,-1e-45
362278661,0.5312634,2.079421,-4.9584527,0.0,0.0,0.0,0.0,0.0,0.0,nan,nan,0.0,-1.0191873,-1e-45
367606336,nan,nan,-4.9722548,-0.050212912,-0.07689289,0.022217564,8.310861e-05,0.00012726727,0.0,nan,nan,0.0,-1.030441,0.0
367625793,nan,nan,-4.9718323,-0.048553824,-0.074352264,0.020701863,0.08523006,0.13051593,-0.155728,nan,nan,-8.0,-1.030441,0.0
367805655,nan,nan,-4.9678507,-0.028218955,-0.043212727,0.0,0.11402376,0.17460878,0.0,nan,nan,0.0,-1.030441,0.0
368005622,nan,nan,-4.9678507,-0.008284891,-0.012686959,0.0,0.08137204,0.124607995,0.0,nan,nan,0.0,-1.030441,0.0
368205594,0.5148638,2.257183,-4.9678507,0.0,0.0,0.0,0.0,0.0,0.0,nan,nan,0.0,-1.030441,0.0
368405406,0.5148638,2.257183,-4.9678507,0.0,0.0,0.0,0.0,0.0,0.0,nan,nan,0.0,-1.030441,0.0
368605216,0.5148638,2.257183,-4.9678507,0.0,0.0,0.0,0.0,0.0,0.0,nan,nan,0.0,-1.030441,0.0
368805068,0.5148638,2.257183,-4.9678507,0.0,0.0,0.0,0.0,0.0,0.0,nan,nan,0.0,-1.030441,0.0
369004975,0.5148638,2.257183,-4.9678507,0.0,0.0,0.0,0.0,0.0,0.0,nan,nan,0.0,-1.030441,0.0
369204862,0.5148638,2.257183,-4.9678507,0.0,0.0,0.0,0.0,0.0,0.0,nan,nan,0.0,-1.030441,0.0
369404997,0.5148638,2.257183,-4.9678507,0.0,0.0,0.0,0.0,0.0,0.0,nan,nan,0.0,-1.030441,0.0
369604797,0.5148638,2.257183,-4.9678507,0.0,0.0,0.0,0.0,0.0,0.0,nan,nan,0.0,-1.030441,0.0
369804706,0.5148638,2.257183,-4.9678507,0.0,0.0,0.0,0.0,0.0,0.0,nan,nan,0.0,-1.030441,0.0
370004459,0.5148638,2.257183,-4.9678507,0.0,0.0,0.0,0.0,0.0,0.0,nan,nan,0.0,-1.030441,0.0
370204395,0.5148638,2.257183,-4.9678507,0.0,0.0,0.0,0.0,0.0,0.0,nan,nan,0.0,-1.030441,0.0
370404290,0.5148638,2.257183,-4.9678507,0.0,0.0,0.0,0.0,0.0,0.0,nan,nan,0.0,-1.030441,0.0
370604137,0.5148638,2.257183,-4.9678507,0.0,0.0,0.0,0.0,0.0,0.0,nan,nan,0.0,-1.030441,0.0
370803957,0.5148638,2.257183,-4.9678507,0.0,0.0,0.0,0.0,0.0,0.0,nan,nan,0.0,-1.030441,0.0
371004062,0.5148638,2.257183,-4.9678507,0.0,0.0,0.0,0.0,0.0,0.0,nan,nan,0.0,-1.030441,0.0
371203818,0.5148638,2.257183,-4.9678507,0.0,0.0,0.0,0.0,0.0,0.0,nan,nan,0.0,-1.030441,0.0
371403617,0.5148638,2.257183,-4.9678507,0.0,0.0,0.0,0.0,0.0,0.0,nan,nan,0.0,-1.030441,0.0
371603657,0.5148638,2.257183,-4.9678507,0.0,0.0,0.0,0.0,0.0,0.0,nan,nan,0.0,-1.030441,0.0
371803512,0.5148638,2.257183,-4.9678507,0.0,0.0,0.0,0.0,0.0,0.0,nan,nan,0.0,-1.030441,0.0
372003265,0.5148638,2.257183,-4.9678507,0.0,0.0,0.0,0.0,0.0,0.0,nan,nan,0.0,-1.030441,0.0
372203436,0.5148638,2.257183,-4.9678507,0.0,0.0,0.0,0.0,0.0,0.0,nan,nan,0.0,-1.030441,0.0
372403156,0.5148638,2.257183,-4.9678507,0.0,0.0,0.0,0.0,0.0,0.0,nan,nan,0.0,-1.030441,0.0
372603000,0.5148638,2.257183,-4.9678507,0.0,0.0,0.0,0.0,0.0,0.0,nan,nan,0.0,-1.030441,0.0
372803005,0.5148638,2.257183,-4.9678507,0.0,0.0,0.0,0.0,0.0,0.0,nan,nan,0.0,-1.030441,0.0
373002750,0.5148638,2.257183,-4.9678507,0.0,0.0,0.0,0.0,0.0,0.0,nan,nan,0.0,-1.030441,0.0
373202900,0.5148638,2.257183,-4.9678507,0.0,0.0,0.0,0.0,0.0,0.0,nan,nan,0.0,-1.030441,0.0
373402814,0.5148638,2.257183,-4.9678507,0.0,0.0,0.0,0.0,0.0,0.0,nan,nan,0.0,-1.030441,0.0
373602686,0.5148638,2.257183,-4.9678507,0.0,0.0,0.0,0.0,0.0,0.0,nan,nan,0.0,-1.030441,0.0
373802373,0.5148638,2.257183,-4.9678507,0.0,0.0,0.0,0.0,0.0,0.0,nan,nan,0.0,-1.030441,0.0
374002253,0.5148638,2.257183,-4.9678507,0.0,0.0,0.0,0.0,0.0,0.0,nan,nan,0.0,-1.030441,0.0
374202167,0.5148638,2.257183,-4.9678507,0.0,0.0,0.0,0.0,0.0,0.0,nan,nan,0.0,-1.030441,0.0
374402135,0.5148638,2.257183,-4.9678507,0.0,0.0,0.0,0.0,0.0,0.0,nan,nan,0.0,-1.030441,0.0
374602008,0.5148638,2.257183,-4.9678507,0.0,0.0,0.0,0.0,0.0,0.0,nan,nan,0.0,-1.030441,0.0
374801996,0.5148638,2.257183,-4.9678507,0.0,0.0,0.0,0.0,0.0,0.0,nan,nan,0.0,-1.030441,0.0
375001781,0.5148638,2.257183,-4.9678507,0.0,0.0,0.0,0.0,0.0,0.0,nan,nan,0.0,-1.030441,0.0
375201741,0.5148638,2.257183,-4.9678507,0.0,0.0,0.0,0.0,0.0,0.0,nan,nan,0.0,-1.030441,0.0
375401580,0.5148638,2.257183,-4.9678507,0.0,0.0,0.0,0.0,0.0,0.0,nan,nan,0.0,-1.030441,0.0
375601426,0.5148638,2.257183,-4.9678507,0.0,0.0,0.0,0.0,0.0,0.0,nan,nan,0.0,-1.030441,0.0
375801535,0.5148638,2.257183,-4.9678507,0.0,0.0,0.0,0.0,0.0,0.0,nan,nan,0.0,-1.030441,0.0
376001431,0.5148638,2.257183,-4.9678507,0.0,0.0,0.0,0.0,0.0,0.0,nan,nan,0.0,-1.030441,0.0
376201268,0.5148638,2.257183,-4.9678507,0.0,0.0,0.0,0.0,0.0,0.0,nan,nan,0.0,-1.030441,0.0
376401174,0.5148638,2.257183,-4.9678507,0.0,0.0,0.0,0.0,0.0,0.0,nan,nan,0.0,-1.030441,0.0
376600863,0.5148638,2.257183,-4.9678507,0.0,0.0,0.0,0.0,0.0,0.0,nan,nan,0.0,-1.030441,0.0
376800616,0.5148638,2.257183,-4.9678507,0.0,0.0,0.0,0.0,0.0,0.0,nan,nan,0.0,-1.030441,0.0
377000821,0.5148638,2.257183,-4.9678507,0.0,0.0,0.0,0.0,0.0,0.0,nan,nan,0.0,-1.030441,0.0
377200467,0.5148638,2.257183,-4.9678507,0.0,0.0,0.0,0.0,0.0,0.0,nan,nan,0.0,-1.030441,0.0
377400340,0.5148638,2.257183,-4.9678507,0.0,0.0,0.0,0.0,0.0,0.0,nan,nan,0.0,-1.030441,0.0
377600242,0.5148638,2.257183,-4.9678507,0.0,0.0,0.0,0.0,0.0,0.0,nan,nan,0.0,-1.030441,0.0
377800405,0.5148638,2.257183,-4.9678507,0.0,0.0,0.0,0.0,0.0,0.0,nan,nan,0.0,-1.030441,0.0
378000157,0.5148638,2.257183,-4.9678507,0.0,0.0,0.0,0.0,0.0,0.0,nan,nan,0.0,-1.030441,0.0
378200034,0.5148638,2.257183,-4.9678507,0.0,0.0,0.0,0.0,0.0,0.0,nan,nan,0.0,-1.030441,0.0
378400079,0.5148638,2.257183,-4.9678507,0.0,0.0,0.0,0.0,0.0,0.0,nan,nan,0.0,-1.030441,0.0
378599909,0.5148638,2.257183,-4.9678507,0.0,0.0,0.0,0.0,0.0,0.0,nan,nan,0.0,-1.030441,0.0
378799720,0.5148638,2.257183,-4.9678507,0.0,0.0,0.0,0.0,0.0,0.0,nan,nan,0.0,-1.030441,0.0
378999657,0.5148638,2.257183,-4.9678507,0.0,0.0,0.0,0.0,0.0,0.0,nan,nan,0.0,-1.030441,0.0
379199443,0.5148638,2.257183,-4.9678507,0.0,0.0,0.0,0.0,0.0,0.0,nan,nan,0.0,-1.030441,0.0
379399319,0.5148638,2.257183,-4.9678507,0.0,0.0,0.0,0.0,0.0,0.0,nan,nan,0.0,-1.030441,0.0
379599287,0.5148638,2.257183,-4.9678507,0.0,0.0,0.0,0.0,0.0,0.0,nan,nan,0.0,-1.030441,0.0
379799161,0.5148638,2.257183,-4.9678507,0.0,0.0,0.0,0.0,0.0,0.0,nan,nan,0.0,-1.030441,0.0
379999013,0.5148638,2.257183,-4.9678507,0.0,0.0,0.0,0.0,0.0,0.0,nan,nan,0.0,-1.030441,0.0
380198937,0.5148638,2.257183,-4.9678507,0.0,0.0,0.0,0.0,0.0,0.0,nan,nan,0.0,-1.030441,0.0
380398808,0.5148638,2.257183,-4.9678507,0.0,0.0,0.0,0.0,0.0,0.0,nan,nan,0.0,-1.030441,0.0
380598813,0.5148638,2.257183,-4.9678507,0.0,0.0,0.0,0.0,0.0,0.0,nan,nan,0.0,-1.030441,0.0
380798726,0.5148638,2.257183,-4.9678507,0.0,0.0,0.0,0.0,0.0,0.0,nan,nan,0.0,-1.030441,0.0
380998420,0.5148638,2.257183,-4.9678507,0.0,0.0,0.0,0.0,0.0,0.0,nan,nan,0.0,-1.030441,0.0
381198325,0.5148638,2.257183,-4.9678507,0.0,0.0,0.0,0.0,0.0,0.0,nan,nan,0.0,-1.030441,0.0
381388292,0.5148638,2.257183,-4.9678507,0.0,0.0,0.0,0.0,0.0,0.0,nan,nan,0.0,-1.030441,0.0
381608275,0.5148638,2.257183,-4.9678507,0.0,0.0,0.0,0.0,0.0,0.0,nan,nan,0.0,-1.030441,0.0
381808038,0.5148638,2.257183,-4.9678507,0.0,0.0,0.0,0.0,0.0,0.0,nan,nan,0.0,-1.030441,0.0
382007916,0.5148638,2.257183,-4.9678507,0.0,0.0,0.0,0.0,0.0,0.0,nan,nan,0.0,-1.030441,0.0
382207978,0.53617734,2.274091,-4.910397,-0.062454615,-0.0050472273,0.026442828,0.09360858,0.0071878433,0.4767353,0.0,0.0,4.0,-0.6382282,-0.33991373
382407912,0.52570784,2.2732377,-4.8904347,-0.04234232,-0.003500641,0.20056279,0.10603126,0.008159161,1.2728848,0.0,0.0,4.0,-0.7952536,-0.61324066
382607579,0.5194968,2.2727125,-4.8216295,-0.01989386,-0.0017709573,0.49364093,0.11830839,0.009123743,1.2848629,0.0,0.0,-4.0,-0.9520638,-0.71880215
382808257,nan,nan,nan,-0.07880231,-0.052201036,0.5627871,0.18966733,0.12564138,-0.64171195,nan,nan,-8.0,-0.9947805,0.0
383007390,nan,nan,nan,-0.040125456,-0.026580319,0.27692088,0.18706776,0.12391936,-2.104931,nan,nan,8.0,-0.9947805,0.0
383207192,nan,nan,nan,-0.009402051,-0.006228205,0.01603329,0.11647775,0.0771584,-0.50649095,nan,nan,8.0,-0.9947805,0.0
383407788,0.4715296,2.2948937,-4.6802335,0.0,0.0,0.0,0.0,0.0,0.0,nan,nan,0.0,-0.9947805,0.0
383566962,0.4715296,2.2948937,-4.6802335,0.0,0.0,0.0,0.0,0.0,0.0,nan,nan,0.0,-0.9947805,0.0
392822632,nan,nan,-4.6219907,0.011459369,-0.033022508,-0.029980779,-4.9831462e-05,0.00014359952,0.0,nan,nan,0.0,-1.0061744,0.0
392842030,nan,nan,-4.6225667,0.0107036475,-0.030844742,-0.028453376,-0.03867365,0.11144601,0.156328,nan,nan,8.0,-1.0061744,0.0
393021785,nan,nan,-4.6208553,0.003893666,-0.011220392,0.0,-0.03421053,0.098584615,0.0,nan,nan,0.0,-1.0061744,0.0
393221607,0.46458524,2.1644745,-4.6208553,1.9824074e-06,-5.7126745e-06,0.0,0.0,0.0,0.0,nan,nan,0.0,-1.0061744,0.0
393421580,0.46458524,2.1644745,-4.6208553,1.9824074e-06,-5.7126745e-06,0.0,0.0,0.0,0.0,nan,nan,0.0,-1.0061744,0.0
393621412,0.46458524,2.1644745,-4.6208553,1.9824074e-06,-5.7126745e-06,0.0,0.0,0.0,0.0,nan,nan,0.0,-1.0061744,0.0
393821257,0.46458524,2.1644745,-4.6208553,1.9824074e-06,-5.7126745e-06,0.0,0.0,0.0,0.0,nan,nan,0.0,-1.0061744,0.0
394021225,0.46458524,2.1644745,-4.6208553,1.9824074e-06,-5.7126745e-06,0.0,0.0,0.0,0.0,nan,nan,0.0,-1.0061744,0.0
394221257,0.46458524,2.1644745,-4.6208553,1.9824074e-06,-5.7126745e-06,0.0,0.0,0.0,0.0,nan,nan,0.0,-1.0061744,0.0
394421044,0.46458524,2.1644745,-4.6208553,1.9824074e-06,-5.7126745e-06,0.0,0.0,0.0,0.0,nan,nan,0.0,-1.0061744,0.0
394621031,0.46458524,2.1644745,-4.6208553,1.9824074e-06,-5.7126745e-06,0.0,0.0,0.0,0.0,nan,nan,0.0,-1.0061744,0.0
394820950,0.46458524,2.1644745,-4.6208553,1.9824074e-06,-5.7126745e-06,0.0,0.0,0.0,0.0,nan,nan,0.0,-1.0061744,0.0
395020643,0.46458524,2.1644745,-4.6208553,1.9824074e-06,-5.7126745e-06,0.0,0.0,0.0,0.0,nan,nan,0.0,-1.0061744,0.0
395220535,0.46458524,2.1644745,-4.6208553,1.9824074e-06,-5.7126745e-06,0.0,0.0,0.0,0.0,nan,nan,0.0,-1.0061744,0.0
395420358,0.46458524,2.1644745,-4.6208553,1.9824074e-06,-5.7126745e-06,0.0,0.0,0.0,0.0,nan,nan,0.0,-1.0061744,0.0
395620260,0.46458524,2.1644745,-4.6208553,1.9824074e-06,-5.7126745e-06,0.0,0.0,0.0,0.0,nan,nan,0.0,-1.0061744,0.0
395820194,0.46458524,2.1644745,-4.6208553,1.9824074e-06,-5.7126745e-06,0.0,0.0,0.0,0.0,nan,nan,0.0,-1.0061744,0.0
396020139,0.46458524,2.1644745,-4.6208553,1.9824074e-06,-5.7126745e-06,0.0,0.0,0.0,0.0,nan,nan,0.0,-1.0061744,0.0
396220027,0.46458524,2.1644745,-4.6208553,1.9824074e-06,-5.7126745e-06,0.0,0.0,0.0,0.0,nan,nan,0.0,-1.0061744,0.0
396420003,0.46458524,2.1644745,-4.6208553,1.9824074e-06,-5.7126745e-06,0.0,0.0,0.0,0.0,nan,nan,0.0,-1.0061744,0.0
396619810,0.46458524,2.1644745,-4.6208553,1.9824074e-06,-5.7126745e-06,0.0,0.0,0.0,0.0,nan,nan,0.0,-1.0061744,0.0
396819671,0.46458524,2.1644745,-4.6208553,1.9824074e-06,-5.7126745e-06,0.0,0.0,0.0,0.0,nan,nan,0.0,-1.0061744,0.0
397019653,0.46458524,2.1644745,-4.6208553,1.9824074e-06,-5.7126745e-06,0.0,0.0,0.0,0.0,nan,nan,0.0,-1.0061744,0.0
397219369,0.46458524,2.1644745,-4.6208553,1.9824074e-06,-5.7126745e-06,0.0,0.0,0.0,0.0,nan,nan,0.0,-1.0061744,0.0
397419162,0.46458524,2.1644745,-4.6208553,1.9824074e-06,-5.7126745e-06,0.0,0.0,0.0,0.0,nan,nan,0.0,-1.0061744,0.0
397619116,0.46458524,2.1644745,-4.6208553,1.9824074e-06,-5.7126745e-06,0.0,0.0,0.0,0.0,nan,nan,0.0,-1.0061744,0.0
397819102,0.46458524,2.1644745,-4.6208553,1.9824074e-06,-5.7126745e-06,0.0,0.0,0.0,0.0,nan,nan,0.0,-1.0061744,0.0
398019030,0.46458524,2.1644745,-4.6208553,1.9824074e-06,-5.7126745e-06,0.0,0.0,0.0,0.0,nan,nan,0.0,-1.0061744,0.0
398219080,0.46458524,2.1644745,-4.6208553,1.9824074e-06,-5.7126745e-06,0.0,0.0,0.0,0.0,nan,nan,0.0,-1.0061744,0.0
398418999,0.46458524,2.1644745,-4.6208553,1.9824074e-06,-5.7126745e-06,0.0,0.0,0.0,0.0,nan,nan,0.0,-1.0061744,0.0
398618800,0.46458524,2.1644745,-4.6208553,1.9824074e-06,-5.7126745e-06,0.0,0.0,0.0,0.0,nan,nan,0.0,-1.0061744,0.0
398818738,0.46458524,2.1644745,-4.6208553,1.9824074e-06,-5.7126745e-06,0.0,0.0,0.0,0.0,nan,nan,0.0,-1.0061744,0.0
399018579,0.46458524,2.1644745,-4.6208553,1.9824074e-06,-5.7126745e-06,0.0,0.0,0.0,0.0,nan,nan,0.0,-1.0061744,0.0
399218319,0.46458524,2.1644745,-4.6208553,1.9824074e-06,-5.7126745e-06,0.0,0.0,0.0,0.0,nan,nan,0.0,-1.0061744,0.0
399408183,0.46458524,2.1644745,-4.6208553,1.9824074e-06,-5.7126745e-06,0.0,0.0,0.0,0.0,nan,nan,0.0,-1.0061744,0.0
399608035,0.46458524,2.1644745,-4.6208553,1.9824074e-06,-5.7126745e-06,0.0,0.0,0.0,0.0,nan,nan,0.0,-1.0061744,0.0
399807915,0.46458524,2.1644745,-4.6208553,1.9824074e-06,-5.7126745e-06,0.0,0.0,0.0,0.0,nan,nan,0.0,-1.0061744,0.0
400007821,0.46458524,2.1644745,-4.6208553,1.9824074e-06,-5.7126745e-06,0.0,0.0,0.0,0.0,nan,nan,0.0,-1.0061744,0.0
400207732,0.46458524,2.1644745,-4.6208553,1.9824074e-06,-5.7126745e-06,0.0,0.0,0.0,0.0,nan,nan,0.0,-1.0061744,0.0
400407672,0.46458524,2.1644745,-4.6208553,1.9824074e-06,-5.7126745e-06,0.0,0.0,0.0,0.0,nan,nan,0.0,-1.0061744,0.0
400607636,0.46458524,2.1644745,-4.6208553,1.9824074e-06,-5.7126745e-06,0.0,0.0,0.0,0.0,nan,nan,0.0,-1.0061744,0.0
400807735,0.46458524,2.1644745,-4.6208553,1.9824074e-06,-5.7126745e-06,0.0,0.0,0.0,0.0,nan,nan,0.0,-1.0061744,0.0
401007505,0.46458524,2.1644745,-4.6208553,1.9824074e-06,-5.7126745e-06,0.0,0.0,0.0,0.0,nan,nan,0.0,-1.0061744,0.0
401227164,0.46458524,2.1644745,-4.6208553,1.9824074e-06,-5.7126745e-06,0.0,0.0,0.0,0.0,nan,nan,0.0,-1.0061744,0.0
401427052,0.46458524,2.1644745,-4.6208553,1.9824074e-06,-5.7126745e-06,0.0,0.0,0.0,0.0,nan,nan,0.0,-1.0061744,0.0
401626839,0.46458524,2.1644745,-4.6208553,1.9824074e-06,-5.7126745e-06,0.0,0.0,0.0,0.0,nan,nan,0.0,-1.0061744,0.0
401826778,0.46458524,2.1644745,-4.6208553,1.9824074e-06,-5.7126745e-06,0.0,0.0,0.0,0.0,nan,nan,0.0,-1.0061744,0.0
402006795,0.46458524,2.1644745,-4.6208553,1.9824074e-06,-5.7126745e-06,0.0,0.0,0.0,0.0,nan,nan,0.0,-1.0061744,0.0
402206592,0.46458524,2.1644745,-4.6208553,1.9824074e-06,-5.7126745e-06,0.0,0.0,0.0,0.0,nan,nan,0.0,-1.0061744,0.0
402406639,0.46458524,2.1644745,-4.6208553,1.9824074e-06,-5.7126745e-06,0.0,0.0,0.0,0.0,nan,nan,0.0,-1.0061744,0.0
402626409,0.46458524,2.1644745,-4.6208553,1.9824074e-06,-5.7126745e-06,0.0,0.0,0.0,0.0,nan,nan,0.0,-1.0061744,0.0
402826444,0.46458524,2.1644745,-4.6208553,1.9824074e-06,-5.7126745e-06,0.0,0.0,0.0,0.0,nan,nan,0.0,-1.0061744,0.0
403026204,0.46458524,2.1644745,-4.6208553,1.9824074e-06,-5.7126745e-06,0.0,0.0,0.0,0.0,nan,nan,0.0,-1.0061744,0.0
403226026,0.46458524,2.1644745,-4.6208553,1.9824074e-06,-5.7126745e-06,0.0,0.0,0.0,0.0,nan,nan,0.0,-1.0061744,0.0
403425950,0.46458524,2.1644745,-4.6208553,1.9824074e-06,-5.7126745e-06,0.0,0.0,0.0,0.0,nan,nan,0.0,-1.0061744,0.0
403625775,0.46458524,2.1644745,-4.6208553,1.9824074e-06,-5.7126745e-06,0.0,0.0,0.0,0.0,nan,nan,0.0,-1.0061744,0.0
403805863,0.46458524,2.1644745,-4.6208553,1.9824074e-06,-5.7126745e-06,0.0,0.0,0.0,0.0,nan,nan,0.0,-1.0061744,0.0
404005563,0.46458524,2.1644745,-4.6208553,1.9824074e-06,-5.7126745e-06,0.0,0.0,0.0,0.0,nan,nan,0.0,-1.0061744,0.0
404225591,0.46458524,2.1644745,-4.6208553,1.9824074e-06,-5.7126745e-06,0.0,0.0,0.0,0.0,nan,nan,0.0,-1.0061744,0.0
404425574,0.46458524,2.1644745,-4.6208553,1.9824074e-06,-5.7126745e-06,0.0,0.0,0.0,0.0,nan,nan,0.0,-1.0061744,0.0
404625394,0.46458524,2.1644745,-4.6208553,1.9824074e-06,-5.7126745e-06,0.0,0.0,0.0,0.0,nan,nan,0.0,-1.0061744,0.0
404825125,0.46458524,2.1644745,-4.6208553,1.9824074e-06,-5.7126745e-06,0.0,0.0,0.0,0.0,nan,nan,0.0,-1.0061744,0.0
405025020,0.46458524,2.1644745,-4.6208553,1.9824074e-06,-5.7126745e-06,0.0,0.0,0.0,0.0,nan,nan,0.0,-1.0061744,0.0
405224859,0.46458524,2.1644745,-4.6208553,1.9824074e-06,-5.7126745e-06,0.0,0.0,0.0,0.0,nan,nan,0.0,-1.0061744,0.0
405424778,0.46458524,2.1644745,-4.6208553,1.9824074e-06,-5.7126745e-06,0.0,0.0,0.0,0.0,nan,nan,0.0,-1.0061744,0.0
405484729,0.46458524,2.1644745,-4.6208553,1.9824074e-06,-5.7126745e-06,0.0,0.0,0.0,0.0,nan,nan,0.0,-1.0061744,0.0
411204791,0.43274593,2.0665555,-4.578094,0.0,0.0,0.0,0.0,0.0,0.0,0.0,0.0,0.0,0.0,0.0
411206918,-0.3107077,1.6353458,-4.578094,0.0,0.0,0.0,0.0,0.0,0.0,0.0,0.0,0.0,0.0,0.0
413395901,-0.0010757414,1.5649719,-4.47698,0.0,0.0,0.0,0.0,0.0,0.0,0.0,0.0,0.0,0.0,0.0
413396560,0.032867447,1.323804,-4.2769804,0.0,0.0,0.0,0.0,0.0,0.0,0.0,0.0,0.0,0.0,0.0
415318050,-0.0012589328,0.9993436,-4.3219433,0.0,0.0,0.0,0.0,0.0,0.0,0.0,0.0,0.0,0.0,0.0
415318751,0.032867447,1.323804,-4.3219433,0.0,0.0,0.0,0.0,0.0,0.0,0.0,0.0,0.0,0.0,0.0
445282453,nan,nan,nan,-0.026745005,0.0056972164,-0.102156274,0.00015648885,-3.333523e-05,0.0,nan,nan,0.0,0.0013034709,0.0
445302031,nan,nan,nan,-0.024747122,0.0052716276,-0.10062339,0.10205779,-0.021740336,0.156608,nan,nan,8.0,0.0013034709,0.0
445482072,nan,nan,nan,-0.007375629,0.0015711553,-0.0027958052,0.08308419,-0.017698577,0.21150188,nan,nan,-8.0,0.0013034709,0.0
445681777,0.051051114,1.318218,-4.2327385,0.0,0.0,0.0,0.0,0.0,0.0,nan,nan,0.0,0.0013034709,0.0
445881518,0.051051114,1.318218,-4.2327385,0.0,0.0,0.0,0.0,0.0,0.0,nan,nan,0.0,0.0013034709,0.0
446081525,0.051051114,1.318218,-4.2327385,0.0,0.0,0.0,0.0,0.0,0.0,nan,nan,0.0,0.0013034709,0.0
446281247,0.051051114,1.318218,-4.2327385,0.0,0.0,0.0,0.0,0.0,0.0,nan,nan,0.0,0.0013034709,0.0
446481179,0.051051114,1.318218,-4.2327385,0.0,0.0,0.0,0.0,0.0,0.0,nan,nan,0.0,0.0013034709,0.0
446681107,0.051051114,1.318218,-4.2327385,0.0,0.0,0.0,0.0,0.0,0.0,nan,nan,0.0,0.0013034709,0.0
446881118,0.051051114,1.318218,-4.2327385,0.0,0.0,0.0,0.0,0.0,0.0,nan,nan,0.0,0.0013034709,0.0
447080812,0.051051114,1.318218,-4.2327385,0.0,0.0,0.0,0.0,0.0,0.0,nan,nan,0.0,0.0013034709,0.0
447280858,0.051051114,1.318218,-4.2327385,0.0,0.0,0.0,0.0,0.0,0.0,nan,nan,0.0,0.0013034709,0.0
447480648,0.051051114,1.318218,-4.2327385,0.0,0.0,0.0,0.0,0.0,0.0,nan,nan,0.0,0.0013034709,0.0
447680414,0.051051114,1.318218,-4.2327385,0.0,0.0,0.0,0.0,0.0,0.0,nan,nan,0.0,0.0013034709,0.0
447880262,0.051051114,1.318218,-4.2327385,0.0,0.0,0.0,0.0,0.0,0.0,nan,nan,0.0,0.0013034709,0.0
448080171,0.051051114,1.318218,-4.2327385,0.0,0.0,0.0,0.0,0.0,0.0,nan,nan,0.0,0.0013034709,0.0
448280000,0.051051114,1.318218,-4.2327385,0.0,0.0,0.0,0.0,0.0,0.0,nan,nan,0.0,0.0013034709,0.0
448479948,0.051051114,1.318218,-4.2327385,0.0,0.0,0.0,0.0,0.0,0.0,nan,nan,0.0,0.0013034709,0.0
448679832,0.051051114,1.318218,-4.2327385,0.0,0.0,0.0,0.0,0.0,0.0,nan,nan,0.0,0.0013034709,0.0
448879863,0.051051114,1.318218,-4.2327385,0.0,0.0,0.0,0.0,0.0,0.0,nan,nan,0.0,0.0013034709,0.0
449079711,0.051051114,1.318218,-4.2327385,0.0,0.0,0.0,0.0,0.0,0.0,nan,nan,0.0,0.0013034709,0.0
449279551,0.051051114,1.318218,-4.2327385,0.0,0.0,0.0,0.0,0.0,0.0,nan,nan,0.0,0.0013034709,0.0
449479582,0.051051114,1.318218,-4.2327385,0.0,0.0,0.0,0.0,0.0,0.0,nan,nan,0.0,0.0013034709,0.0
449679352,0.051051114,1.318218,-4.2327385,0.0,0.0,0.0,0.0,0.0,0.0,nan,nan,0.0,0.0013034709,0.0
449879229,0.051051114,1.318218,-4.2327385,0.0,0.0,0.0,0.0,0.0,0.0,nan,nan,0.0,0.0013034709,0.0
450079114,0.051051114,1.318218,-4.2327385,0.0,0.0,0.0,0.0,0.0,0.0,nan,nan,0.0,0.0013034709,0.0
450279011,0.051051114,1.318218,-4.2327385,0.0,0.0,0.0,0.0,0.0,0.0,nan,nan,0.0,0.0013034709,0.0
450478844,0.051051114,1.318218,-4.2327385,0.0,0.0,0.0,0.0,0.0,0.0,nan,nan,0.0,0.0013034709,0.0
450678877,0.051051114,1.318218,-4.2327385,0.0,0.0,0.0,0.0,0.0,0.0,nan,nan,0.0,0.0013034709,0.0
450878794,0.051051114,1.318218,-4.2327385,0.0,0.0,0.0,0.0,0.0,0.0,nan,nan,0.0,0.0013034709,0.0
451079143,0.051051114,1.318218,-4.2327385,0.0,0.0,0.0,0.0,0.0,0.0,nan,nan,0.0,0.0013034709,0.0
451278529,0.051051114,1.318218,-4.2327385,0.0,0.0,0.0,0.0,0.0,0.0,nan,nan,0.0,0.0013034709,0.0
451478402,0.051051114,1.318218,-4.2327385,0.0,0.0,0.0,0.0,0.0,0.0,nan,nan,0.0,0.0013034709,0.0
451678316,0.051051114,1.318218,-4.2327385,0.0,0.0,0.0,0.0,0.0,0.0,nan,nan,0.0,0.0013034709,0.0
451867999,0.051051114,1.318218,-4.2327385,0.0,0.0,0.0,0.0,0.0,0.0,nan,nan,0.0,0.0013034709,0.0
452067866,nan,nan,-4.2327385,-0.023777336,-0.032432437,0.0,0.066213764,-0.30467612,0.0,nan,nan,0.0,0.0013034709,0.0
452267697,nan,nan,-4.2327385,-0.0025690738,-0.26748863,0.0,0.01258225,-1.8529752,0.0,nan,nan,0.0,0.0013034709,0.0
452467724,nan,nan,-4.2327385,-0.00071157556,-0.48457423,0.0,0.0071402593,-0.368805,0.0,nan,nan,0.0,0.0013034709,0.0
452667562,nan,nan,-4.2327385,-5.498698e-05,-0.38535273,0.0,0.00015048179,1.0545872,0.0,nan,nan,0.0,0.0013034709,0.0
452867526,nan,nan,-4.2327385,-5.2533233e-05,-0.18405518,0.0,-0.00050333026,1.2867068,0.0,nan,nan,0.0,0.0013034709,0.0
453067402,nan,nan,-4.2327385,-0.00038544962,0.2489065,0.0,-0.0026651954,2.8857055,0.0,nan,nan,0.0,0.0013034709,0.0
453287382,nan,nan,-4.2327385,-0.0013574624,1.0900728,0.0,-0.0058316095,4.413853,0.0,nan,nan,0.0,0.0013034709,0.0
453467117,nan,nan,-4.2327385,-0.0022175182,1.7399033,0.0,-0.0039492478,2.975734,0.0,nan,nan,0.0,0.0013034709,0.0
453667025,nan,nan,-4.2327385,-0.00277727,2.1589355,0.0,-0.0018594483,1.3764395,0.0,nan,nan,0.0,0.0013034709,0.0
453866863,nan,nan,-4.2327385,-0.0029189554,2.2582798,0.0,0.00023265016,-0.22223131,0.0,nan,nan,0.0,0.0013034709,0.0
454067602,nan,nan,-4.2327385,-0.0026404634,2.0364232,0.0,0.002333417,-1.8278941,0.0,nan,nan,0.0,0.0013034709,0.0
454266696,nan,nan,-4.2327385,-0.0020580168,1.5866578,0.0,0.0032708498,-2.5199196,0.0,nan,nan,0.0,0.0013034709,0.0
454466507,nan,nan,-4.2327385,-0.0011753773,0.9074822,0.0,0.0053560426,-4.1183825,0.0,nan,nan,0.0,0.0013034709,0.0
454686559,nan,nan,-4.2327385,-0.0002721077,0.21262383,0.0,0.0030627456,-2.358296,0.0,nan,nan,0.0,0.0013034709,0.0
454886427,nan,nan,-4.2327385,0.00010975285,-0.0829548,0.0,0.00096822705,-0.75927335,0.0,nan,nan,0.0,0.0013034709,0.0
455086181,nan,nan,-4.2327385,9.507422e-05,-0.07295809,0.0,-0.0005564249,0.42698961,0.0,nan,nan,0.0,0.0013034709,0.0
455286061,nan,nan,-4.2327385,3.6527097e-05,-0.028025435,0.0,0.00026952647,-0.20671076,0.0,nan,nan,0.0,0.0013034709,0.0
455465922,nan,nan,-4.2327385,0.00024746836,-0.18984713,0.0,0.0013119049,-1.0064461,0.0,nan,nan,0.0,0.0013034709,0.0
455665893,nan,nan,-4.2327385,0.00033032126,-0.2534101,0.0,0.00047557443,-0.36486262,0.0,nan,nan,0.0,0.0013034709,0.0
455866429,nan,nan,-4.2327385,0.0005732431,-0.4397775,0.0,0.0009021638,-0.6921344,0.0,nan,nan,0.0,0.0013034709,0.0
456086353,nan,nan,-4.2327385,0.00050279894,-0.38573584,0.0,-0.0010910283,0.8370117,0.0,nan,nan,0.0,0.0013034709,0.0
456285464,nan,nan,-4.2327385,0.00046298062,-0.35518897,0.0,-0.00026510592,0.20338026,0.0,nan,nan,0.0,0.0013034709,0.0
456485304,nan,nan,-4.2327385,0.00028876401,-0.22153372,0.0,-0.0009006893,0.6909899,0.0,nan,nan,0.0,0.0013034709,0.0
456685372,nan,nan,-4.2327385,0.0001329716,-0.10201302,0.0,-0.0006675955,0.51216525,0.0,nan,nan,0.0,0.0013034709,0.0
456885373,nan,nan,-4.2327385,3.187163e-05,-0.02445124,0.0,-0.00036374768,0.27905956,0.0,nan,nan,0.0,0.0013034709,0.0
457085093,nan,nan,-4.2327385,0.00015349934,-0.11776201,0.0,0.0015462916,-1.186288,0.0,nan,nan,0.0,0.0013034709,0.0
457265092,nan,nan,-4.2327385,0.00061952515,-0.47528878,0.0,0.003423269,-2.6262708,0.0,nan,nan,0.0,0.0013034709,0.0
457464942,nan,nan,-4.2327385,0.0012323548,-0.94544053,0.0,0.0021704778,-1.6651515,0.0,nan,nan,0.0,0.0013034709,0.0
457684714,nan,nan,-4.2327385,0.001434631,-1.1006231,0.0,-0.00012153426,0.09323895,0.0,nan,nan,0.0,0.0013034709,0.0
457884560,nan,nan,-4.2327385,0.0011873608,-0.9109218,0.0,-0.0019395167,1.4879621,0.0,nan,nan,0.0,0.0013034709,0.0
458084514,nan,nan,-4.2327385,0.00082395546,-0.63212377,0.0,-0.0017064237,1.3091376,0.0,nan,nan,0.0,0.0013034709,0.0
458284325,nan,nan,-4.2327385,0.000514702,-0.3948701,0.0,-0.0014095134,1.0813533,0.0,nan,nan,0.0,0.0013034709,0.0
458484205,nan,nan,-4.2327385,0.0002703216,-0.20738584,0.0,-0.0010624541,0.8150955,0.0,nan,nan,0.0,0.0013034709,0.0
458684099,nan,nan,-4.2327385,9.9716315e-05,-0.07650056,0.0,-0.00067681994,0.51924396,0.0,nan,nan,0.0,0.0013034709,0.0
458884002,nan,nan,nan,1.0239139e-05,-0.007855283,0.0076718284,-0.0002529109,0.19402868,-1.1199839,nan,nan,-8.0,0.0013034709,0.0
459084254,-0.2020512,2.1683586,nan,0.0,0.0,-0.37701342,0.0,0.0,-2.722008,nan,nan,-8.0,0.0013034709,0.0
459283737,-0.2020512,2.1683586,nan,0.0,0.0,-0.875919,0.0,0.0,-1.7675756,nan,nan,8.0,0.0013034709,0.0
459483628,-0.2020512,2.1683586,nan,0.0,0.0,-1.0694151,0.0,0.0,-0.16847974,nan,nan,8.0,0.0013034709,0.0
459683527,-0.2020512,2.1683586,nan,0.0,0.0,-0.94324416,0.0,0.0,1.4307762,nan,nan,8.0,0.0013034709,0.0
459883911,-0.2020512,2.1683586,nan,0.0,0.0,-0.49692878,0.0,0.0,2.8556423,nan,nan,-8.0,0.0013034709,0.0
460083169,-0.2020512,2.1683586,nan,0.0,0.0,-0.0859639,0.0,0.0,1.2653891,nan,nan,-8.0,0.0013034709,0.0
460283077,-0.2020512,2.1683586,nan,0.0,0.0,0.009080009,0.0,0.0,-0.0851497,nan,nan,8.0,0.0013034709,0.0
460482994,-0.2020512,2.1683586,nan,0.0,0.0,0.007256847,0.0,0.0,0.0,nan,nan,0.0,0.0013034709,0.0
460682910,-0.2020512,2.1683586,nan,0.0,0.0,0.007256847,0.0,0.0,0.0,nan,nan,0.0,0.0013034709,0.0
460882813,-0.2020512,2.1683586,-5.0713534,0.0,0.0,0.0,0.0,0.0,0.0,nan,nan,0.0,0.0013034709,0.0
461082840,-0.2020512,2.1683586,-5.0713534,0.0,0.0,0.0,0.0,0.0,0.0,nan,nan,0.0,nan,-0.18768947
461282719,-0.2020512,2.1683586,-5.0713534,0.0,0.0,0.0,0.0,0.0,0.0,nan,nan,0.0,nan,-0.30227676
461482657,-0.2020512,2.1683586,-5.0713534,0.0,0.0,0.0,0.0,0.0,0.0,nan,nan,0.0,nan,-0.31584156
461682721,-0.2020512,2.1683586,-5.0713534,0.0,0.0,0.0,0.0,0.0,0.0,nan,nan,0.0,nan,-0.31789958
461882389,-0.2020512,2.1683586,-5.0713534,0.0,0.0,0.0,0.0,0.0,0.0,nan,nan,0.0,nan,-0.31849736
462082143,-0.2020512,2.1683586,-5.0713534,0.0,0.0,0.0,0.0,0.0,0.0,nan,nan,0.0,nan,-0.31778118
462282048,-0.2020512,2.1683586,-5.0713534,0.0,0.0,0.0,0.0,0.0,0.0,nan,nan,0.0,nan,-0.31784302
462481874,-0.2020512,2.1683586,-5.0713534,0.0,0.0,0.0,0.0,0.0,0.0,nan,nan,0.0,nan,-0.31771076
462681737,-0.2020512,2.1683586,-5.0713534,0.0,0.0,0.0,0.0,0.0,0.0,nan,nan,0.0,nan,-0.3176965
462882529,-0.2020512,2.1683586,-5.0713534,0.0,0.0,0.0,0.0,0.0,0.0,nan,nan,0.0,nan,-0.317695
463081516,-0.2020512,2.1683586,-5.0713534,0.0,0.0,0.0,0.0,0.0,0.0,nan,nan,0.0,nan,-0.3178668
463281602,-0.2020512,2.1683586,-5.0713534,0.0,0.0,0.0,0.0,0.0,0.0,nan,nan,0.0,nan,-0.31829026
463481900,-0.2020512,2.1683586,-5.0713534,0.0,0.0,0.0,0.0,0.0,0.0,nan,nan,0.0,nan,-0.31775856
463681356,-0.2020512,2.1683586,-5.0713534,0.0,0.0,0.0,0.0,0.0,0.0,nan,nan,0.0,nan,-0.3192871
463881123,-0.2020512,2.1683586,-5.0713534,0.0,0.0,0.0,0.0,0.0,0.0,nan,nan,0.0,nan,-0.31807607
464081597,-0.2020512,2.1683586,-5.0713534,0.0,0.0,0.0,0.0,0.0,0.0,nan,nan,0.0,nan,-0.31973085
464280858,-0.2020512,2.1683586,-5.0713534,0.0,0.0,0.0,0.0,0.0,0.0,nan,nan,0.0,nan,-0.32075414
464480672,-0.2020512,2.1683586,-5.0713534,0.0,0.0,0.0,0.0,0.0,0.0,nan,nan,0.0,nan,-0.32086492
464681339,-0.2020512,2.1683586,-5.0713534,0.0,0.0,0.0,0.0,0.0,0.0,nan,nan,0.0,nan,-0.26035354
464880505,-0.2020512,2.1683586,-5.0713534,0.0,0.0,0.0,0.0,0.0,0.0,nan,nan,0.0,nan,-0.035426173
465080876,-0.2020512,2.1683586,nan,0.0,0.0,0.037098974,0.0,0.0,0.797608,nan,nan,8.0,nan,-0.0037922948
465281065,-0.2020512,2.1683586,nan,0.0,0.0,0.23505965,0.0,0.0,0.4613871,nan,nan,-8.0,nan,-0.0004062292
465480353,-0.2020512,2.1683586,nan,0.0,0.0,0.274561,0.0,0.0,0.0,nan,nan,0.0,nan,-4.392777e-05
465680057,-0.2020512,2.1683586,nan,0.0,0.0,0.274561,0.0,0.0,0.0,nan,nan,0.0,nan,-4.7316407e-06
465879950,-0.2020512,2.1683586,nan,0.0,0.0,0.24721798,0.0,0.0,-0.63376,nan,nan,-8.0,nan,-5.0863525e-07
466079831,-0.2020512,2.1683586,nan,0.0,0.0,0.096769385,0.0,0.0,-0.510985,nan,nan,8.0,-1.1661358,-5.4681742e-08
466279724,-0.2020512,2.1683586,nan,0.0,0.0,0.08045028,0.0,0.0,0.0,nan,nan,0.0,-1.1661358,-5.877812e-09
466479523,-0.2020512,2.1683586,nan,0.0,0.0,0.08045028,0.0,0.0,0.0,nan,nan,0.0,-1.1661358,-6.3246497e-10
466679340,-0.2020512,2.1683586,nan,0.0,0.0,0.08045028,0.0,0.0,0.0,nan,nan,0.0,-1.1661358,-6.804082e-11
466879382,-0.2020512,2.1683586,nan,0.0,0.0,0.08045028,0.0,0.0,0.0,nan,nan,0.0,-1.1661358,-7.302882e-12
467079289,-0.2020512,2.1683586,nan,0.0,0.0,0.081718475,0.0,0.0,0.05766833,nan,nan,-8.0,-1.1661358,-7.850106e-13
467279131,-0.2020512,2.1683586,nan,0.0,0.0,0.012668733,0.0,0.0,-0.45022184,nan,nan,8.0,-1.1661358,-8.442427e-14
467479009,-0.2020512,2.1683586,-4.941211,0.0,0.0,0.0,0.0,0.0,0.0,nan,nan,0.0,-1.1661358,-9.076049e-15
467678935,-0.2020512,2.1683586,-4.941211,0.0,0.0,0.0,0.0,0.0,0.0,nan,nan,0.0,-1.1661358,-9.752871e-16
467878804,-0.2020512,2.1683586,-4.941211,0.0,0.0,0.0,0.0,0.0,0.0,nan,nan,0.0,-1.1661358,-1.0485919e-16
468078566,-0.2020512,2.1683586,-4.941211,0.0,0.0,0.0,0.0,0.0,0.0,nan,nan,0.0,-1.1661358,-1.12864965e-17
468278519,-0.2020512,2.1683586,-4.941211,0.0,0.0,0.0,0.0,0.0,0.0,nan,nan,0.0,-1.1661358,-1.2126113e-18
468478547,-0.2020512,2.1683586,-4.941211,0.0,0.0,0.0,0.0,0.0,0.0,nan,nan,0.0,-1.1661358,-1.3020968e-19
468668334,-0.2020512,2.1683586,-4.941211,0.0,0.0,0.0,0.0,0.0,0.0,nan,nan,0.0,-1.1661358,-1.6061539e-20
468858426,-0.2020512,2.1683586,-4.941211,0.0,0.0,0.0,0.0,0.0,0.0,nan,nan,0.0,-1.1661358,-1.9517807e-21
469068021,-0.2020512,2.1683586,-4.941211,0.0,0.0,0.0,0.0,0.0,0.0,nan,nan,0.0,-1.1661358,-1.9126027e-22
469268029,-0.2020512,2.1683586,-4.941211,0.0,0.0,0.0,0.0,0.0,0.0,nan,nan,0.0,-1.1661358,-2.0716224e-23
469467903,-0.2020512,2.1683586,-4.941211,0.0,0.0,0.0,0.0,0.0,0.0,nan,nan,0.0,-1.1661358,-2.248634e-24
469667793,-0.2020512,2.1683586,-4.941211,0.0,0.0,0.0,0.0,0.0,0.0,nan,nan,0.0,-1.1661358,-2.4172626e-25
469867594,-0.2020512,2.1683586,-4.941211,0.0,0.0,0.0,0.0,0.0,0.0,nan,nan,0.0,-1.1661358,-2.6008362e-26
470087418,-0.2020512,2.1683586,-4.941211,0.0,0.0,0.0,0.0,0.0,0.0,nan,nan,0.0,-1.1661358,-2.2381694e-27
470267335,-0.2020512,2.1683586,-4.941211,0.0,0.0,0.0,0.0,0.0,0.0,nan,nan,0.0,-1.1661358,-3.0076336e-28
470467292,-0.2020512,2.1683586,-4.941211,0.0,0.0,0.0,0.0,0.0,0.0,nan,nan,0.0,-1.1661358,-3.2301207e-29
470667133,-0.2020512,2.1683586,-4.941211,0.0,0.0,0.0,0.0,0.0,0.0,nan,nan,0.0,-1.1661358,-3.4737893e-30
470867003,-0.2020512,2.1683586,-4.941211,0.0,0.0,0.0,0.0,0.0,0.0,nan,nan,0.0,-1.1661358,-3.73509e-31
471066891,-0.2020512,2.1683586,-4.941211,0.0,0.0,0.0,0.0,0.0,0.0,nan,nan,0.0,-1.1661358,-4.015082e-32
471266745,-0.2020512,2.1683586,-4.941211,0.0,0.0,0.0,0.0,0.0,0.0,nan,nan,0.0,-1.1661358,-4.3179114e-33
471466735,-0.2020512,2.1683586,-4.941211,0.0,0.0,0.0,0.0,0.0,0.0,nan,nan,0.0,-1.1661358,-4.6368073e-34
471686727,-0.2020512,2.1683586,-4.941211,0.0,0.0,0.0,0.0,0.0,0.0,nan,nan,0.0,-1.1661358,-3.9835087e-35
471886657,-0.2020512,2.1683586,-4.941211,0.0,0.0,0.0,0.0,0.0,0.0,nan,nan,0.0,-1.1661358,-4.280805e-36
472066252,-0.2020512,2.1683586,-4.941211,0.0,0.0,0.0,0.0,0.0,0.0,nan,nan,0.0,-1.1661358,-5.768642e-37
472266217,-0.2020512,2.1683586,-4.941211,0.0,0.0,0.0,0.0,0.0,0.0,nan,nan,0.0,-1.1661358,-6.196219e-38
472466099,-0.2020512,2.1683586,-4.941211,0.0,0.0,0.0,0.0,0.0,0.0,nan,nan,0.0,-1.1661358,-6.661557e-39
472666037,-0.2020512,2.1683586,-4.941211,0.0,0.0,0.0,0.0,0.0,0.0,nan,nan,0.0,-1.1661358,-7.15734e-40
472885860,-0.2020512,2.1683586,-4.941211,0.0,0.0,0.0,0.0,0.0,0.0,nan,nan,0.0,-1.1661358,-6.159e-41
473085728,-0.2020512,2.1683586,-4.941211,0.0,0.0,0.0,0.0,0.0,0.0,nan,nan,0.0,-1.1661358,-6.623e-42
473285616,-0.2020512,2.1683586,-4.941211,0.0,0.0,0.0,0.0,0.0,0.0,nan,nan,0.0,-1.1661358,-7.12e-43
473485503,-0.2020512,2.1683586,-4.941211,0.0,0.0,0.0,0.0,0.0,0.0,nan,nan,0.0,-1.1661358,-7.6e-44
473685548,-0.2020512,2.1683586,-4.941211,0.0,0.0,0.0,0.0,0.0,0.0,nan,nan,0.0,-1.1661358,-8e-45
473865600,-0.2020512,2.1683586,-4.941211,0.0,0.0,0.0,0.0,0.0,0.0,nan,nan,0.0,-1.1661358,-3e-45
474065541,-0.2020512,2.1683586,-4.941211,0.0,0.0,0.0,0.0,0.0,0.0,nan,nan,0.0,-1.1661358,-3e-45
474285111,-0.2020512,2.1683586,-4.941211,0.0,0.0,0.0,0.0,0.0,0.0,nan,nan,0.0,-1.1661358,-3e-45
474484897,-0.2020512,2.1683586,-4.941211,0.0,0.0,0.0,0.0,0.0,0.0,nan,nan,0.0,-1.1661358,-3e-45
474684838,-0.2020512,2.1683586,-4.941211,0.0,0.0,0.0,0.0,0.0,0.0,nan,nan,0.0,-1.1661358,-3e-45
474884641,-0.2020512,2.1683586,-4.941211,0.0,0.0,0.0,0.0,0.0,0.0,nan,nan,0.0,-1.1661358,-3e-45
475084599,-0.2020512,2.1683586,-4.941211,0.0,0.0,0.0,0.0,0.0,0.0,nan,nan,0.0,-1.1661358,-3e-45
475284721,-0.2020512,2.1683586,-4.941211,0.0,0.0,0.0,0.0,0.0,0.0,nan,nan,0.0,-1.1661358,-3e-45
475484542,-0.2020512,2.1683586,-4.941211,0.0,0.0,0.0,0.0,0.0,0.0,nan,nan,0.0,-1.1661358,-3e-45
475644324,-0.2020512,2.1683586,-4.941211,0.0,0.0,0.0,0.0,0.0,0.0,nan,nan,0.0,-1.1661358,-3e-45
478046779,-0.10748769,2.823161,-4.9291534,0.0,0.0,0.0,0.0,0.0,0.0,0.0,0.0,0.0,0.0,0.0
483201415,-0.21844923,2.4735298,-4.7950573,0.0,0.0,0.0,0.0,0.0,0.0,0.0,0.0,0.0,0.0,0.0
487497373,-0.19005969,2.351056,-4.844201,0.0,0.0,0.0,0.0,0.0,0.0,0.0,0.0,0.0,0.0,0.0
487497977,-0.16694768,2.4994142,-4.844201,0.0,0.0,0.0,0.0,0.0,0.0,0.0,0.0,0.0,0.0,0.0
487520150,-0.16694768,2.4994142,-4.6434093,0.0,0.0,0.0,0.0,0.0,0.0,0.0,0.0,0.0,0.0,0.0
488941122,-0.11866369,2.4251025,-4.68991,0.0,0.0,0.0,0.0,0.0,0.0,0.0,0.0,0.0,0.0,0.0
488942019,-0.11790706,2.5646088,-4.68991,0.0,0.0,0.0,0.0,0.0,0.0,0.0,0.0,0.0,0.0,0.0
488964254,-0.11790706,2.5646088,-4.48991,0.0,0.0,0.0,0.0,0.0,0.0,0.0,0.0,0.0,0.0,0.0
492697344,-0.21116821,2.4214048,-4.5369215,0.0,0.0,0.0,0.0,0.0,0.0,0.0,0.0,0.0,0.0,0.0
492738955,-0.15935776,2.5783482,-4.5330114,0.0,0.0,0.0,0.0,0.0,0.0,0.0,0.0,0.0,0.0,0.0
492740602,-0.21116821,2.4214048,-4.3330116,0.0,0.0,0.0,0.0,0.0,0.0,0.0,0.0,0.0,0.0,0.0
494099001,-0.2262779,2.4539092,-4.3809752,0.0,0.0,0.0,0.0,0.0,0.0,0.0,0.0,0.0,0.0,0.0
494099414,-0.1521095,2.3189783,-4.3809752,0.0,0.0,0.0,0.0,0.0,0.0,0.0,0.0,0.0,0.0,0.0
494122234,-0.1521095,2.3189783,-4.1792083,0.0,0.0,0.0,0.0,0.0,0.0,0.0,0.0,0.0,0.0,0.0
495260676,-0.13315903,2.333442,-4.2277756,0.0,0.0,0.0,0.0,0.0,0.0,0.0,0.0,0.0,0.0,0.0
495280559,-0.13315903,2.333442,-4.027254,0.0,0.0,0.0,0.0,0.0,0.0,0.0,0.0,0.0,0.0,0.0
496407961,0.016972963,2.3398635,-4.0714793,0.0,0.0,0.0,0.0,0.0,0.0,0.0,0.0,0.0,0.0,0.0
496429583,-0.13655855,2.321113,-4.0714793,0.0,0.0,0.0,0.0,0.0,0.0,0.0,0.0,0.0,0.0,0.0
496430174,0.016972963,2.3398635,-3.8714793,0.0,0.0,0.0,0.0,0.0,0.0,0.0,0.0,0.0,0.0,0.0
497638923,0.08321214,2.5677118,-3.919448,0.0,0.0,0.0,0.0,0.0,0.0,0.0,0.0,0.0,0.0,0.0
497666884,0.011714406,2.3513944,-3.9176157,0.0,0.0,0.0,0.0,0.0,0.0,0.0,0.0,0.0,0.0,0.0
497667506,0.08321214,2.5677118,-3.7176156,0.0,0.0,0.0,0.0,0.0,0.0,0.0,0.0,0.0,0.0,0.0
498682916,0.109487474,2.4903336,-3.7644176,0.0,0.0,0.0,0.0,0.0,0.0,0.0,0.0,0.0,0.0,0.0
498684007,0.15163931,2.6505144,-3.7644176,0.0,0.0,0.0,0.0,0.0,0.0,0.0,0.0,0.0,0.0,0.0
498722426,0.15163931,2.6505144,-3.5612483,0.0,0.0,0.0,0.0,0.0,0.0,0.0,0.0,0.0,0.0,0.0
499456834,0.15290378,2.6456363,-3.6038592,0.0,0.0,0.0,0.0,0.0,0.0,0.0,0.0,0.0,0.0,0.0
499457359,0.11666256,2.820252,-3.6038592,0.0,0.0,0.0,0.0,0.0,0.0,0.0,0.0,0.0,0.0,0.0
499484633,0.11666256,2.820252,-3.4011993,0.0,0.0,0.0,0.0,0.0,0.0,0.0,0.0,0.0,0.0,0.0
500303728,0.18251611,2.7726727,-3.4477859,0.0,0.0,0.0,0.0,0.0,0.0,0.0,0.0,0.0,0.0,0.0
500304555,0.061311863,2.8372712,-3.4477859,0.0,0.0,0.0,0.0,0.0,0.0,0.0,0.0,0.0,0.0,0.0
500329658,0.061311863,2.8372712,-3.2477858,0.0,0.0,0.0,0.0,0.0,0.0,0.0,0.0,0.0,0.0,0.0
501406066,0.09001986,2.6656349,-3.2959456,0.0,0.0,0.0,0.0,0.0,0.0,0.0,0.0,0.0,0.0,0.0
501455792,0.1654389,2.8352044,-3.2959456,0.0,0.0,0.0,0.0,0.0,0.0,0.0,0.0,0.0,0.0,0.0
501465393,0.09001986,2.6656349,-3.0959456,0.0,0.0,0.0,0.0,0.0,0.0,0.0,0.0,0.0,0.0,0.0
502868386,0.0690715,2.527866,-3.1447995,0.0,0.0,0.0,0.0,0.0,0.0,0.0,0.0,0.0,0.0,0.0
502888423,0.118119486,2.7119458,-3.1447995,0.0,0.0,0.0,0.0,0.0,0.0,0.0,0.0,0.0,0.0,0.0
502890089,0.0690715,2.527866,-2.9447994,0.0,0.0,0.0,0.0,0.0,0.0,0.0,0.0,0.0,0.0,0.0
505322480,0.009529115,2.4904456,-2.9943016,0.0,0.0,0.0,0.0,0.0,0.0,0.0,0.0,0.0,0.0,0.0
505323074,0.074499756,2.4523008,-2.9943016,0.0,0.0,0.0,0.0,0.0,0.0,0.0,0.0,0.0,0.0,0.0
505348604,0.074499756,2.4523008,-2.7943015,0.0,0.0,0.0,0.0,0.0,0.0,0.0,0.0,0.0,0.0,0.0
507238292,0.09270081,2.37097,-2.8387337,0.0,0.0,0.0,0.0,0.0,0.0,0.0,0.0,0.0,0.0,0.0
507238724,0.28623217,2.508506,-2.8387337,0.0,0.0,0.0,0.0,0.0,0.0,0.0,0.0,0.0,0.0,0.0
507257215,0.28623217,2.508506,-2.637517,0.0,0.0,0.0,0.0,0.0,0.0,0.0,0.0,0.0,0.0,0.0
508416840,0.25926456,2.44451,-2.684901,0.0,0.0,0.0,0.0,0.0,0.0,0.0,0.0,0.0,0.0,0.0
508429717,0.39873955,2.655569,-2.684901,0.0,0.0,0.0,0.0,0.0,0.0,0.0,0.0,0.0,0.0,0.0
508483735,0.42696497,2.6853316,-2.4793015,0.0,0.0,0.0,0.0,0.0,0.0,0.0,0.0,0.0,0.0,0.0
509721515,0.54206294,2.8127089,-2.5269465,0.0,0.0,0.0,0.0,0.0,0.0,0.0,0.0,0.0,0.0,0.0
509752611,0.54206294,2.8127089,-2.3269465,0.0,0.0,0.0,0.0,0.0,0.0,0.0,0.0,0.0,0.0,0.0
511356082,0.47670385,2.7824826,-2.3746736,0.0,0.0,0.0,0.0,0.0,0.0,0.0,0.0,0.0,0.0,0.0
511379936,0.59557384,2.8098524,-2.3737805,0.0,0.0,0.0,0.0,0.0,0.0,0.0,0.0,0.0,0.0,0.0
511381231,0.47670385,2.7824826,-2.1737804,0.0,0.0,0.0,0.0,0.0,0.0,0.0,0.0,0.0,0.0,0.0
513142966,0.43929413,2.7437701,-2.2225082,0.0,0.0,0.0,0.0,0.0,0.0,0.0,0.0,0.0,0.0,0.0
513145091,0.2936004,2.5764022,-2.2225082,0.0,0.0,0.0,0.0,0.0,0.0,0.0,0.0,0.0,0.0,0.0
513161204,0.2936004,2.5764022,-2.0225081,0.0,0.0,0.0,0.0,0.0,0.0,0.0,0.0,0.0,0.0,0.0
514643692,0.35868767,2.6307762,-2.0715394,0.0,0.0,0.0,0.0,0.0,0.0,0.0,0.0,0.0,0.0,0.0
514645801,0.41412967,2.5679739,-2.0715394,0.0,0.0,0.0,0.0,0.0,0.0,0.0,0.0,0.0,0.0,0.0
514691905,0.41412967,2.5679739,-1.8671381,0.0,0.0,0.0,0.0,0.0,0.0,0.0,0.0,0.0,0.0,0.0
516053042,0.41504538,2.5246239,-1.9130319,0.0,0.0,0.0,0.0,0.0,0.0,0.0,0.0,0.0,0.0,0.0
516055219,0.49601206,2.5395582,-1.9130319,0.0,0.0,0.0,0.0,0.0,0.0,0.0,0.0,0.0,0.0,0.0
516085992,0.49601206,2.5395582,-1.7101538,0.0,0.0,0.0,0.0,0.0,0.0,0.0,0.0,0.0,0.0,0.0
516641470,0.47144488,2.5342588,-1.8549707,0.043366272,0.030280855,-0.045033485,0.0,0.0,0.0,0.0,0.0,0.0,0.45336318,-0.00014919731
516660653,0.47227222,2.5348358,-1.85583,0.042707022,0.029754903,-0.04429751,-0.05195725,-0.035741806,0.076732,0.0,0.0,4.0,0.43829688,-0.06887456
516860425,0.47972715,2.540039,-1.8578333,0.031694427,0.02217559,0.050848223,-0.058309317,-0.040147662,0.87581605,0.0,0.0,4.0,0.2813971,-0.5088585
517060202,0.48484153,2.5436304,-1.8248823,0.019278591,0.013622172,0.30563784,-0.06522453,-0.04495305,1.6749239,0.0,0.0,4.0,0.12449263,-0.6786653
517260772,0.486469,2.5448122,-1.7328178,-0.005979251,-0.0037056778,0.5923947,-0.14630836,-0.099124074,1.0578295,0.0,0.0,-4.0,-0.032430787,-0.74162287
517459915,0.48437187,2.5432744,-1.6017606,-0.010945829,-0.008052723,0.7227637,0.0050196424,0.00639949,0.27577448,0.0,0.0,-4.0,-0.032430787,-0.28704804
517659767,0.48238057,2.5418608,-1.4600927,-0.009099794,-0.0061749504,0.7056317,0.014994226,0.013518028,-0.21225727,0.0,0.0,4.0,-0.032430787,-0.11074647
517860359,0.48084423,2.540847,-1.3232142,-0.0072592855,-0.0047654067,0.7,0.0,0.0,0.0,0.0,0.0,0.0,-0.032430787,-0.042583667
518059616,0.4795329,2.5399866,-1.1877421,-0.0063594333,-0.004175051,0.7,0.0,0.0,0.0,0.0,0.0,0.0,-0.032430787,-0.016473273
518259478,0.5336498,2.5788925,-1.8179444,-0.0008022736,-0.0008022736,0.7,-0.0801136,-0.0801136,0.0,-4.0,-4.0,0.0,0.02794183,0.0
518459554,0.5357369,2.585018,-1.8154155,-0.00081589696,-0.00081589696,0.7,-0.08079094,-0.08079094,0.0,-4.0,-4.0,0.0,0.02769594,0.0
518659272,0.53810924,2.5911438,-1.8074789,-0.0008085392,-0.0008085392,0.7,-0.08042583,-0.08042583,0.0,-4.0,-4.0,0.0,0.027010364,0.0
518859281,0.5415625,2.6006305,-1.7991773,-0.00081822526,-0.00081822526,0.7,-0.08090613,-0.08090613,0.0,-4.0,-4.0,0.0,0.026486238,0.0
519059092,0.5459125,2.6101313,-1.7922508,-0.0008033292,-0.0008033292,0.7,-0.08016629,-0.08016629,0.0,-4.0,-4.0,0.0,0.026318837,0.0
519258865,0.55184305,2.619648,-1.7870295,-0.00079849106,-0.00079849106,0.7,-0.07992452,-0.07992452,0.0,-4.0,-4.0,0.0,0.025853852,0.0
519458878,0.5602905,2.6299818,-1.7822318,-0.00080860336,-0.00080860336,0.7,-0.08042902,-0.08042902,0.0,-4.0,-4.0,0.0,0.02534604,0.0
519658586,0.5678466,2.6392653,-1.7776092,-0.00080112077,-0.00080112077,0.7,-0.08005602,-0.08005602,0.0,-4.0,-4.0,0.0,0.025061443,0.0
519858490,0.5754285,2.6473768,-1.7723596,-0.00079202297,-0.00079202297,0.7,-0.07960015,-0.07960015,0.0,-4.0,-4.0,0.0,0.0247481,0.0
520058401,0.58376074,2.6547544,-1.7688856,-0.000797208,-0.000797208,0.7,-0.07986028,-0.07986028,0.0,-4.0,-4.0,0.0,0.024241464,0.0
520138676,0.58643967,2.657302,-1.7669263,-0.00080110366,-0.00080110366,0.7,-0.08005516,-0.08005516,0.0,-4.0,-4.0,0.0,0.039558113,-0.18613198
