timestamp,x,y,z
1715617773285368,1.2939360887976559,1.5942264004218345,1.233317236769702
1715617773298508,1.2985111093896582,1.5894764283134903,1.2332825173921589
1715617773319650,1.3186327531948892,1.6051212824773868,1.2785988853651151
1715617773331029,1.323260545728839,1.6002823670693633,1.2785790720064916
1715617773344956,1.3145207010809665,1.6093008450917277,1.2743025655740676
1715617773353308,1.3283627259461226,1.5944154538627946,1.2749080132052453
1715617773387211,1.3198912484607874,1.55072408066889,1.2517591330355198
1715617773397093,1.3204364866856249,1.5379345181626487,1.2567776893098355
1715617773405416,1.326947681680828,1.5675401520214243,1.2499919467855416
1715617773417511,1.326947681680828,1.5675401520214243,1.2499919467855416
1715617773438540,1.3462606377177777,1.5742732314413725,1.2798050435698802
1715617773447227,1.3481222939808373,1.5595403109415003,1.2855075247176968
1715617774291553,1.5481834769660665,1.5400670663425657,1.2960057407361512
1715617774302381,1.5671801804077792,1.526755025114458,1.2958569166035576
1715617774313322,1.4903324521920038,1.5649476606450856,1.2500512276928633
1715617774325111,1.5266326641531232,1.5412345589205667,1.2501431642877208
1715617774339942,1.502572792565168,1.5776602345132331,1.2849340085238836
1715617774350784,1.5193769233368573,1.5670840619120145,1.2850717591088285
1715617774369946,1.4925472841022849,1.5954887301828826,1.3011891300366387
1715617774382750,1.5226657430828905,1.5777651855985317,1.3012288054204268
1715617774400332,1.499529612562919,1.6041615404913048,1.3196978526638952
1715617774408273,1.5126584762070814,1.5965029772112531,1.3194925821607448
1715617774434870,1.4902291346781398,1.5822153113580155,1.2775678765644787
1715617774444626,1.5012038552718865,1.576603082577241,1.2769037574224678
1715617774468241,1.4923147478967564,1.5859325599535599,1.2793760471261466
1715617774480601,1.5019684374862876,1.5816103892648468,1.2785282773450133
1715617774548472,1.5098457575301238,1.5936129860623884,1.3018690395899837
1715617774561999,1.5156044513135534,1.5918292022870688,1.301163674831797
1715617774579257,1.4988348573695576,1.585470193788447,1.2964885715479069
1715617774588561,1.5040898831602187,1.5840960824799044,1.2959789354040558
1715617774600854,1.484323882570254,1.5837831289265896,1.2721799267228482
1715617774613672,1.489054410635351,1.5829106686932222,1.2717272078985213
1715617774641823,1.4874571486027366,1.5768320149233346,1.264912154194406
1715617774649606,1.4899136253479575,1.5771261911479781,1.2645766690855784
1715617774669019,1.4864132052306216,1.5738235114585077,1.2689547906365188
1715617774678217,1.4880147768441878,1.5750415582366062,1.2685070180242626
1715617774703782,1.491565707112248,1.586505956242051,1.307046229203349
1715617774713153,1.4923311158191956,1.5886065188165521,1.3064991716120247
1715617774737701,1.4826665797269039,1.5749296078507307,1.284136051553046
1715617774747544,1.4819327489947967,1.5842519267741866,1.2824167106449527
1715617774770956,1.4850803359861986,1.5822792096077993,1.3015400611695234
1715617774783523,1.4810507651116631,1.5904732266590156,1.2998139741065455
1715617774799839,1.4716819149850902,1.5753635744651941,1.2802816709219669
1715617774811291,1.4691690186964932,1.5799972684072592,1.279527240059695
1715617774836086,1.4625238368701294,1.5645635349902092,1.2693546383415595
1715617774849127,1.4565158362565493,1.574911428965556,1.268134581724893
1715617774913301,1.4306327592876,1.5790858590661014,1.2334910288469128
1715617774934175,1.426026429874247,1.5854883648981946,1.2334817626770493
1715617774949477,1.4371330842052874,1.601999083958489,1.2782054247781862
1715617774963730,1.4321487321611932,1.608870350001732,1.2782000824995352
1715617774974123,1.4395142163646715,1.5920252642494372,1.2821203006786162
1715617774988548,1.424399153883668,1.6130493649481408,1.2820722740139874
1715617774998250,1.424099777534158,1.5698977451005787,1.2503880294326692
1715617775008354,1.4191272958041243,1.5769552457448852,1.2503633504624454
1715617775024868,1.4250699051220908,1.5756147493376496,1.2606176274522025
1715617775034427,1.4204010839940573,1.5825908745150639,1.2605029822032638
1715617775056922,1.4210799785387187,1.5683664996418707,1.2504129019617563
1715617775065970,1.4120292560147036,1.5817131895192122,1.2503141655120151
1715617775083946,1.4312683892222346,1.5781046130098482,1.297437181813287
1715617775091656,1.4268361422621672,1.584898289490113,1.2973069581301835
1715617775116580,1.423088136173755,1.566205387749911,1.2694815291971193
1715617775130434,1.4107552749694936,1.586316275880513,1.2688347622460654
1715617775151400,1.4137789288143283,1.5736535143561678,1.2723868549703652
1715617775162982,1.4096989097068824,1.5804063388734013,1.2721571748406135
1715617775183332,1.4136375291805798,1.5723468666197207,1.2801082153964578
1715617775198713,1.4093041288402708,1.578429299623287,1.2809308829746944
1715617775213497,1.4144555453033916,1.5644874446016876,1.2865602770087006
1715617775223743,1.40607201405096,1.576420219699864,1.2880384175874364
1715617775260233,1.4054855151699073,1.5609829668305322,1.2885652334872528
1715617775270063,1.3937273015277498,1.5773397146875208,1.2903092948691532
1715617775287292,1.421892480923484,1.57649451875045,1.339947473666641
1715617775297135,1.417432386654173,1.5813555660489735,1.341202628319067
1715617775318229,1.4134715332691643,1.5707262650920701,1.3347343318936136
1715617775329897,1.4093040359949018,1.575201365326551,1.335674186748891
1715617775359959,1.3934278458217302,1.5596725342858062,1.3021364345433746
1715617775369368,1.389520511691112,1.5636694725937172,1.3028003156419317
1715617775385130,1.3903682216208453,1.547966923441223,1.3132259237945605
1715617775397744,1.3867574786034056,1.551492017490379,1.3137297336542342
1715617775417632,1.393486633460706,1.5473490405814814,1.3158661952450683
1715617775427779,1.3862921444035858,1.5537808992443136,1.3164790807356508
1715617775450805,1.4003999021500033,1.560335394318327,1.3646002763216414
1715617775551217,1.3607479048458648,1.5892825671450348,1.3668421172397642
1715617775553499,1.3585851324704556,1.5667033313891439,1.3525097723644635
1715617775564024,1.3585851324704556,1.5667033313891439,1.3525097723644635
1715617775568024,1.3662880960323713,1.5526205598619647,1.351944584880104
1715617775571618,1.3628603322943238,1.554234542698401,1.3517473050226463
1715617775572678,1.3722584414078085,1.5501582642032312,1.3529187130637519
1715617775573543,1.3722584414078085,1.5501582642032312,1.3529187130637519
1715617775586281,1.3794805478625294,1.5408250645281893,1.3632362244012857
1715617775728412,1.3317950752869516,1.5603057894214498,1.3605801781817832
1715617775728935,1.3284142024568344,1.5431697778263076,1.3381605925903246
1715617775731990,1.3284142024568344,1.5431697778263076,1.3381605925903246
1715617775732796,1.3336591172614738,1.5388699967609545,1.3502556053315256
1715617775733238,1.3336591172614738,1.5388699967609545,1.3502556053315256
1715617775733830,1.3421265796457689,1.5231142390546843,1.343535079790796
1715617775734539,1.3421265796457689,1.5231142390546843,1.343535079790796
1715617775747425,1.3490930424882612,1.5272848775461938,1.3847853366206837
1715617775758875,1.347380515714854,1.5275895103036896,1.3849298426086971
1715617775783790,1.3278539374155336,1.5139387905184254,1.3534695252523652
1715617775792438,1.3271201068861016,1.5140379350366067,1.353971183656328
1715617775814994,1.3396204076291487,1.5213991020517303,1.3866967777143855
1715617775824266,1.3396204076291487,1.5213991020517303,1.3866967777143855
1715617775846274,1.3294811045507955,1.512754312989644,1.364257116039946
1715617775859987,1.3291466396532712,1.5126499675428975,1.3645762100089307
1715617775880489,1.3318244130104695,1.5184942313514527,1.396632897195902
1715617775890547,1.3317725579450652,1.5183569826761465,1.3968101607014067
1715617775916224,1.32057290488212,1.5061216299474947,1.3590944662901467
1715617775927882,1.3211227247327328,1.505913411983703,1.3587573146495302
1715617775994706,1.31869822810441,1.5038061729485406,1.3563426509483185
1715617776014527,1.3209207526407203,1.5032364218460699,1.3555499465001337
1715617776035124,1.330784201223097,1.512125946245871,1.3948508943582802
1715617776050735,1.333999919311222,1.5113437466379989,1.3940440131747844
1715617776063392,1.3285426738571045,1.5102544560555644,1.3935699594798279
1715617776072705,1.329768532636273,1.5092820159508131,1.3929280369329131
1715617776083794,1.3110886147183034,1.4970669796903853,1.351202508343798
1715617776095828,1.3161828060384846,1.4940823128778564,1.3492302036710195
1715617776116651,1.3178176198190343,1.5025801820132372,1.3870880279493467
1715617776124291,1.3178176198190343,1.5025801820132372,1.3870880279493467
1715617776135672,1.309023316349562,1.4957542478959442,1.3813620192270748
1715617776144858,1.309023316349562,1.4957542478959442,1.3813620192270748
1715617776167538,1.3053962555777192,1.493600602432721,1.3610629025333059
1715617776176878,1.3073277618769648,1.4926295131412357,1.3606300538747207
1715617776202812,1.293896110418619,1.4855416524187603,1.342411273756135
1715617776212804,1.2996052980979311,1.4850422825410683,1.343419006641668
1715617776239935,1.3046487280916683,1.4870202726477257,1.3523418924230381
1715617776249303,1.3046487280916683,1.4870202726477257,1.3523418924230381
1715617776265408,1.3122881888094258,1.4921648185923941,1.3665321311803447
1715617776275348,1.3153022058199781,1.4917190673136933,1.3669416077062118
1715617776298938,1.3125915963743477,1.4884752944541138,1.3469560017180884
1715617776308277,1.3125915963743477,1.4884752944541138,1.3469560017180884
1715617776333486,1.323528510833591,1.4969153420563903,1.40294166836475
1715617776344508,1.3268655863240282,1.4965436197384876,1.4032029286823082
1715617776367265,1.3085718478474808,1.4849683397376885,1.3393499169132905
1715617776376212,1.3154661926670441,1.4845987103778864,1.3393845319468802
1715617776399273,1.3158314472775576,1.4903548581964756,1.350129134522685
1715617776408743,1.3158314472775576,1.4903548581964756,1.350129134522685
1715617776433682,1.321144231258409,1.4877440858329736,1.3487874380109979
1715617776446476,1.3241032840941533,1.4879724821878164,1.3490329889895523
1715617776470135,1.3106284006088358,1.4870393895201024,1.3457867525701226
1715617776484170,1.3163805142390665,1.4876631766213868,1.3461117201364177
1715617776515486,1.3193454239419915,1.4906289743739272,1.3625500764987106
1715617776528735,1.321946330353213,1.4911776880830399,1.3626124616728794
1715617776536600,1.3208932635568895,1.4961437714773154,1.3972215496794345
1715617776553101,1.3282175062505517,1.4983504782651016,1.3970591306740316
1715617776571653,1.3210287904812428,1.4983693115540953,1.3957133193583404
1715617776582952,1.3233676951956046,1.4991904652153596,1.3959497461192183
1715617776725991,1.3430947022018809,1.5110415104428565,1.3613260631729118
1715617776727045,1.3430947022018809,1.5110415104428565,1.3613260631729118
1715617776728059,1.351614804737131,1.5254788755915125,1.407411687342977
1715617776732093,1.351614804737131,1.5254788755915125,1.407411687342977
1715617776732832,1.3262384673268135,1.508700418515266,1.3554432110464618
1715617776733469,1.3262384673268135,1.508700418515266,1.3554432110464618
1715617776739961,1.3412720179267348,1.5246873016311735,1.4050464789559576
1715617776748758,1.3412720179267348,1.5246873016311735,1.4050464789559576
1715617776766704,1.341462353588959,1.5303438253348707,1.3953967789891357
1715617776782001,1.359275938859022,1.5458653208494038,1.3928314224784724
1715617776797943,1.364862387993303,1.553845085188199,1.3978623936610939
1715617776842843,1.3985219035666179,1.580232166400448,1.3930438206181384
1715617776843847,1.4027019995810812,1.5913939579657028,1.438975156576979
1715617776847328,1.4027019995810812,1.5913939579657028,1.438975156576979
1715617776853274,1.3760897850843647,1.572369499658055,1.3856845188860945
1715617776866324,1.3825379663246415,1.5773317277326844,1.3850363412393358
1715617776886496,1.3934060174371645,1.5872383382750173,1.3925111428800618
1715617776900951,1.4074199976210309,1.5972206794740056,1.3908637272779942
1715617776918732,1.4205432670029965,1.6164264876529373,1.4311336356526914
1715617776932531,1.4277238698170327,1.621362899317401,1.4301899306546302
1715617776949667,1.4185476246144826,1.6144922051011492,1.4372504497504104
1715617776963206,1.4383093588127176,1.6276093593940928,1.43473874577922
1715617776985467,1.4182954836846042,1.6173781307950514,1.3837447109335543
1715617777001676,1.43486203641046,1.6272912753644857,1.3818678483229254
1715617777028715,1.4296529233021753,1.6212872240533307,1.3751477242801493
1715617777037510,1.4394297367840247,1.6275764219595605,1.374057519225396
1715617777052111,1.4466105875961943,1.6388584067851528,1.4200802533212764
1715617777062885,1.4509783587511187,1.6417572547998676,1.419614042587181
1715617777088188,1.4415619867096185,1.6316856843846343,1.3797596167593658
1715617777099512,1.4443165841372372,1.6341027903103107,1.3791976784562037
1715617777116407,1.4868716615098136,1.6760185907255973,1.5765845135187857
1715617777125591,1.4892127549205407,1.6782801069459266,1.5761209030377872
1715617777151731,1.4521463153060488,1.6430883530124551,1.4132652164721202
1715617777160974,1.4559824924870766,1.6472232447335609,1.4125571835922162
1715617777184890,1.4557229006900365,1.6486991649309661,1.4203964090024632
1715617777197718,1.4585665190950499,1.6524224192868873,1.420007775820304
1715617777216912,1.464926948656943,1.6566261441736998,1.4278358622464786
1715617777229022,1.4646158238357025,1.6575197133355293,1.4278001319964941
1715617777260127,1.4578205588004,1.6570130786186448,1.4109972134119424
1715617777269770,1.457175294931571,1.6584803310207763,1.411085040764791
1715617777284114,1.4470768611709028,1.6498419121948114,1.3751994131033003
1715617777296626,1.4466343305466045,1.6505254589503995,1.3752912942917677
1715617777318451,1.455547052356503,1.6573826604915403,1.416367088339705
1715617777327462,1.4549763324328762,1.6580386862331542,1.416518827439611
1715617777351952,1.4559046494823935,1.6590959771237963,1.4201457224082383
1715617777365143,1.4530368915257785,1.663265680710034,1.4228710265836573
1715617777396610,1.4545904362076987,1.6746291849001298,1.4328757584256588
1715617777410280,1.453638038276695,1.676143263693181,1.4336402513091047
1715617777427153,1.4550431115294624,1.6739906936089048,1.413244662614141
1715617777436983,1.4550431115294624,1.6739906936089048,1.413244662614141
1715617777452137,1.443814940884996,1.666795229005857,1.3780622421993116
1715617777463983,1.443123934587328,1.6684846654870507,1.3785682287945749
1715617777490725,1.4457211375166772,1.674830979110029,1.3882309632617646
1715617777502176,1.4446671948435683,1.675771931174723,1.3885324121596727
1715617777516637,1.458175034713419,1.6878469458998042,1.437424909361166
1715617777525284,1.456402303134642,1.689908653260925,1.4378741530605121
1715617777552638,1.4537195011864021,1.6894353850391228,1.4288745958961937
1715617777564107,1.4524086207349174,1.691731373504484,1.4290941781634996
1715617777588287,1.4562955906448058,1.6974480824536042,1.429182905547862
1715617777596739,1.4562955906448058,1.6974480824536042,1.429182905547862
1715617777616659,1.457130608007068,1.7016338887282914,1.4441022586488912
1715617777625117,1.4557620701473102,1.7019954885963546,1.4442876478189222
1715617777649443,1.4527188589584266,1.7006638048587253,1.431097014286308
1715617777658995,1.4527188589584266,1.7006638048587253,1.431097014286308
1715617777685554,1.4484400583291703,1.7013143844138696,1.4177977406050797
1715617777694000,1.4472201199757018,1.7016985872456678,1.4179520453873642
1715617777718213,1.451273372641004,1.7020564511385248,1.428328754289793
1715617777728271,1.4472251638166236,1.7014131213387669,1.4288913547096587
1715617777751965,1.434422125494043,1.693010430418341,1.3933654998731604
1715617777759929,1.434422125494043,1.693010430418341,1.3933654998731604
1715617777835785,1.4266638123837303,1.6940987146390323,1.446151865695843
1715617777854430,1.4266638123837303,1.6940987146390323,1.446151865695843
1715617777872131,1.4170151817874255,1.6892830474492482,1.4273266778652887
1715617777887914,1.4133530648527581,1.6878207484977474,1.4271296493963455
1715617777903485,1.4093710741576222,1.6861402656388902,1.3968614167772473
1715617777915977,1.402602233916528,1.683464858945886,1.3964843291196312
1715617777926158,1.4136497693157282,1.6909351187759087,1.4459951508882445
1715617777935717,1.410365544432291,1.6896847572741216,1.4458233923552246
1715617777957570,1.4099906322971234,1.6917954405331284,1.4446278032619637
1715617777965176,1.4068374853152266,1.6906929040419376,1.4445411256299647
1715617777985223,1.4066800761328466,1.6927880110802664,1.4462508093165267
1715617777995902,1.4006175644063905,1.6907418179455371,1.4462376319084904
1715617778014989,1.400042808780539,1.688980287811138,1.4326382756259393
1715617778024872,1.3977982485399312,1.6870978493591435,1.4330485533173403
1715617778048478,1.392458476223342,1.685102356347205,1.4420593521581124
1715617778061147,1.3884366935130965,1.68170563876848,1.4428587988490689
1715617778079599,1.3951849278202222,1.6837584480284886,1.4484797662918636
1715617778090524,1.393345742071314,1.6822306519413956,1.4488305246189692
1715617778113703,1.377690424486412,1.6657419135098706,1.3958825713244756
1715617778124243,1.3761562500840951,1.6643226257674577,1.396180793828353
1715617778149335,1.379448081356492,1.6705078498212576,1.4006878806509677
1715617778162741,1.374641761583871,1.663405513321588,1.3989248109309553
1715617778219944,1.3865838248806739,1.6645471659642752,1.4372410170356704
1715617778242938,1.3844340069673642,1.6601941429525804,1.436429232902925
1715617778259846,1.3734096868924675,1.6486315276056849,1.39458170532235
1715617778303178,1.3682469439437603,1.6343944097756304,1.3922051124261463
1715617778305468,1.382289300524954,1.6520078734343184,1.4399175677061442
1715617778306365,1.382289300524954,1.6520078734343184,1.4399175677061442
1715617778331588,1.3866479669275265,1.6503666558273964,1.4388059030988205
1715617778341777,1.385915138462198,1.6483091041253022,1.438569177525089
1715617778364737,1.3786418822483408,1.6456158938421426,1.4204657283836162
1715617778376775,1.3774804215449485,1.6418973190496153,1.4201566580185832
1715617778397403,1.3738569073861755,1.6403943272719357,1.4120977959043541
1715617778406894,1.3738569073861755,1.6403943272719357,1.4120977959043541
1715617778428263,1.3832188821329117,1.6429376037478605,1.4393878689527844
1715617778436086,1.3818225058157867,1.6408097346129382,1.4397033261139
1715617778464576,1.3767473967537827,1.6402863656835707,1.4413368605001349
1715617778475185,1.3755980413780757,1.6384139273021374,1.4416643960698674
1715617778496349,1.3560382972841136,1.620713023242067,1.3887166529772017
1715617778505427,1.3550705163358694,1.619095240252377,1.3890076380814085
1715617778529097,1.3600069749301285,1.6250793203854983,1.394309453609727
1715617778540432,1.3558577523017308,1.6181521710506077,1.3944741138531844
1715617778565440,1.352908617766466,1.6167080500168274,1.38376066389131
1715617778576380,1.3506719905767153,1.6127414061517071,1.3838335763022567
1715617778599805,1.348954562240422,1.6135163408084194,1.3947688902313353
1715617778611159,1.3479688296412704,1.6117582358126463,1.3948269684304577
1715617778633159,1.3471330071548322,1.6078961262591385,1.3914300005071678
1715617778641884,1.3471330071548322,1.6078961262591385,1.3914300005071678
1715617778664533,1.342107888922146,1.59863814288016,1.373672908995207
1715617778674008,1.3421383208763502,1.5961077755000113,1.375386399565309
1715617778696004,1.3403533572998128,1.5911332174285728,1.3954909007429097
1715617778706398,1.3405176342657454,1.588846445791766,1.3970103064985668
1715617778728680,1.3409406970175033,1.5844071901207102,1.3998661941530197
1715617778742451,1.3414728291580977,1.5801147286339243,1.4024555249159465
1715617778764746,1.3324651913497054,1.566771640344569,1.3457596504743883
1715617778773361,1.3324651913497054,1.566771640344569,1.3457596504743883
1715617778797704,1.345809151164901,1.5767209143012737,1.419619277067461
1715617778808534,1.3460027750251833,1.5749568406033756,1.420392497930707
1715617778826761,1.3342071575031123,1.559136454976507,1.3750329487753175
1715617778837387,1.3345387308593564,1.5574829669876669,1.3755856510584512
1715617778861146,1.3438818957366685,1.5660947537601075,1.4204723352560045
1715617778868349,1.3443845115521724,1.5645919968018809,1.4208384995538714
1715617778894623,1.3330797089019695,1.5505875187446305,1.3773693875398263
1715617778905040,1.332918687164192,1.5490064757948612,1.3785472118212603
1715617778928973,1.343546279003954,1.5589728914741532,1.4291319549311599
1715617778938936,1.343361724759535,1.556408437388402,1.4311168955075253
1715617778964403,1.3297543065444042,1.546908891879277,1.4249242409329037
1715617778974487,1.3297543065444042,1.546908891879277,1.4249242409329037
1715617778995785,1.3360126118621032,1.5488757601891259,1.4361930579618343
1715617779005956,1.3360668130205435,1.5480535313189399,1.4366814356063569
1715617779025132,1.3231464984409254,1.5394276787096426,1.4290515162890003
1715617779033800,1.3231464984409254,1.5394276787096426,1.4290515162890003
1715617779092901,1.3250046677028118,1.5308503932543958,1.436915376076815
1715617779101277,1.326173162911214,1.5292195129727864,1.4364698542671737
1715617779173734,1.3345904606819203,1.5331765251600946,1.4883163480703345
1715617779224699,1.3356947381388624,1.527260159180924,1.4873351696839223
1715617779228060,1.3185512192048745,1.5097558415266739,1.434688394710589
1715617779229220,1.3187690924755568,1.5090419997364464,1.434497805112199
1715617779236921,1.3168285511743996,1.5129283473685893,1.4326416792803585
1715617779248107,1.31729069587972,1.5116125051245513,1.4322316954236824
1715617779265988,1.310567190345378,1.4985532790873979,1.4160119178885235
1715617779276591,1.310567190345378,1.4985532790873979,1.4160119178885235
1715617779284483,1.3191129515786535,1.511725187096233,1.485436516081886
1715617779294186,1.3193922242776779,1.5112534434370368,1.4851571300987203
1715617779318122,1.3149818355048337,1.5046962045392485,1.4856402070996246
1715617779327134,1.3147010947304576,1.5039977386969323,1.4858474549784906
1715617779368417,1.3094096710937904,1.4969232111146344,1.483892378210033
1715617779378274,1.3094096710937904,1.4969232111146344,1.483892378210033
1715617779393988,1.3067776755266212,1.4943619014329683,1.4729988908638902
1715617779404464,1.3065450943378114,1.4937404561426908,1.4729436712060573
1715617779416470,1.3014772988603986,1.487859041796334,1.48364286915815
1715617779427166,1.301388665235744,1.4876469946644661,1.4835565295332245
1715617779446896,1.295052774337052,1.4857759930571814,1.4731229521141849
1715617779459180,1.2938297598226791,1.4858327210662476,1.4732559586579792
1715617779485785,1.2855889733110377,1.4835939231244921,1.4874169385441647
1715617779497141,1.2845723686854695,1.4838263034455696,1.4873956555703338
1715617779516369,1.280478335271467,1.478884012206697,1.486476863989977
1715617779527406,1.2787106423856678,1.4795246010084306,1.4862792409358736
1715617779550576,1.268438967905285,1.4736280196209506,1.4722703007621898
1715617779566439,1.2663174659068286,1.476302189405399,1.471681982852271
1715617779583196,1.2720347232619862,1.4768472980672298,1.5068191840461873
1715617779593516,1.27078474179277,1.4791935224285788,1.5063005465911146
1715617779630601,1.263224491430787,1.4874027499989575,1.51933505577298
1715617779641452,1.263224491430787,1.4874027499989575,1.51933505577298
1715617779659057,1.2617525393944926,1.4824417920198456,1.5325473602382216
1715617779667378,1.2615595565847488,1.4836801085523434,1.5321742269633258
1715617779683548,1.25909321654429,1.4837810472721615,1.5332965853197509
1715617779694440,1.25909321654429,1.4837810472721615,1.5332965853197509
1715617779717768,1.2481850347143397,1.4752640933191823,1.5204345017528125
1715617779727984,1.2477681628194182,1.4777666924110155,1.5203669779404612
1715617779751522,1.242641030462667,1.4741117839306772,1.523944761598198
1715617779760410,1.2426168921416165,1.475418959413463,1.523803940477717
1715617779784936,1.24719491575805,1.4813480461486284,1.533556271313957
1715617779794853,1.2473679161447175,1.482706002556098,1.533283669119231
1715617779815041,1.2476944426733514,1.488044760481989,1.5675142341443893
1715617779823900,1.2476944426733514,1.488044760481989,1.5675142341443893
1715617779848694,1.2451166136589429,1.4885276175031321,1.5793243104920558
1715617779856204,1.2453312840073782,1.4898855624222396,1.5788544454484135
1715617779882056,1.2296369270067167,1.4746187711039718,1.525281760487947
1715617779892461,1.2302748705724045,1.4773639353129606,1.524311537898261
1715617779915611,1.2243083677363358,1.4765645583849367,1.5248222511977239
1715617779924837,1.2243083677363358,1.4765645583849367,1.5248222511977239
1715617779948695,1.2292043224056286,1.4826468732304154,1.5179287981322935
1715617779960312,1.2335372174771837,1.4889027563653343,1.5151748515271577
1715617779983814,1.2504246112148238,1.5097302483109623,1.5574524415026674
1715617779992464,1.2546967895456196,1.5157068893556884,1.5549489002493653
1715617780046798,1.2744822057131282,1.544026701837862,1.5441017439872096
1715617780085006,1.2880226050404757,1.5607898549360546,1.5386883311958242
1715617780106504,1.2846310572128843,1.5582271529326637,1.5370475555696572
1715617780118223,1.2888199608560935,1.5633297475787493,1.5356327976042228
1715617780133655,1.2935852841952553,1.570853629410919,1.528823322103909
1715617780143773,1.2979017460075641,1.5761642181249786,1.5276424571235068
1715617780159588,1.2933586545077482,1.5763882076947502,1.5294135763709718
1715617780169610,1.3020740415672374,1.5871115534474884,1.5272757085343298
1715617780188449,1.3014467354482764,1.5823675907680756,1.5246501652165079
1715617780198031,1.305745077892867,1.587765957902777,1.5236998773667478
1715617780216359,1.3067837505438757,1.5939996691764817,1.5182874410778844
1715617780226261,1.3151882790648823,1.6049099950186863,1.5172030463708954
1715617780249035,1.3131283858797314,1.6057936128800272,1.5032752238108769
1715617780257564,1.3172029030367134,1.611046253563387,1.5028513638627579
1715617780282260,1.3132911216577057,1.602604841615769,1.4651014934155357
1715617780292236,1.3251562040035298,1.6177212494416067,1.4640835677715658
1715617780316150,1.319540169501202,1.618523455793083,1.4639570469517698
1715617780326984,1.3269621351529013,1.6280452650224475,1.4634879410996704
1715617780348199,1.3370561710382525,1.6347914350512822,1.4992752211174145
1715617780360928,1.339173145956567,1.6390189482408386,1.4992647928321783
1715617780387686,1.3401523253573124,1.6476293248761271,1.499131360375054
1715617780399298,1.3422025516286018,1.6514989478566027,1.49918758684234
1715617780415188,1.3406406467242495,1.6549579657327247,1.499292311670811
1715617780427514,1.3425463780216158,1.658484895727569,1.4994125387620278
1715617780450734,1.3362602627138238,1.652816636525841,1.4545777379340716
1715617780460971,1.3380660700631113,1.6560725672067373,1.4547429675889894
1715617780482566,1.3390886073556085,1.6623160087568294,1.4669611307389667
1715617780493469,1.3521668786142005,1.6821696927252314,1.4732774289081227
1715617780517196,1.366731704748629,1.6958046441688042,1.5123526209628277
1715617780527791,1.3748999558558634,1.7081985206036199,1.5160651012369133
1715617780548973,1.3745657814381826,1.714560528099203,1.5209118512756095
1715617780556832,1.3786397015531868,1.7206199539328149,1.5224152602819192
1715617780584100,1.3853749311134609,1.7260025830423247,1.487695012259508
1715617780592951,1.3895103382550222,1.7319799152901851,1.4887475078665817
1715617780675403,1.4228587542100568,1.7693203632007979,1.4980050842821457
1715617780692741,1.4269966134603695,1.773716455345913,1.498501377834712
1715617780725200,1.4283476590588293,1.7766277623906,1.4797060601493661
1715617780756956,1.4289518151697118,1.7753810572032114,1.4745154683016906
1715617780810692,1.441364949024523,1.7957463369637816,1.5266809208674124
1715617780842807,1.4492218628887001,1.80133623539636,1.558082977113847
1715617780877661,1.4538047371926024,1.8030876625387349,1.5597236623730097
1715617780919879,1.4503839875973181,1.8062274827005473,1.557495841248203
1715617780973184,1.451111205727462,1.8040783199476582,1.557597053648355
1715617781013218,1.4521886133792015,1.8078357722661702,1.5505343311707964
1715617781076553,1.4548918104467685,1.7973758798512287,1.556212656985776
1715617781115656,1.4516059055454136,1.792677358549487,1.5528600136350992
1715617786570621,1.225163568923201,1.4440170251889437,1.4568048635207558
1715617786582663,1.2246260676558554,1.4432509478897901,1.457514532117976
1715617786608862,1.224111086956726,1.4388772768288716,1.457856245921234
1715617786619808,1.2237113128825667,1.4383244003179603,1.4583140667267345
1715617786634473,1.2271663988277353,1.445913960693978,1.5248582622655218
1715617786645103,1.2265312835972233,1.4451372541998202,1.5254482057719714
1715617786664312,1.2172492447118866,1.4334932314637188,1.4451328220728046
1715617786672298,1.216807543909491,1.4327513240177012,1.4458839135390886
1715617786701827,1.2125761820758405,1.4257866831070758,1.4432865898921028
1715617786712173,1.2119654284591808,1.4245440598567878,1.4443315296812114
1715617786734896,1.2128179792915295,1.420367580373021,1.4961327007234417
1715617786745153,1.2128179792915295,1.420367580373021,1.4961327007234417
1715617786768011,1.2131517776610714,1.4215032092362878,1.5297361780069751
1715617786777308,1.2118609293028026,1.4208158867894234,1.5297903668982933
1715617786802460,1.2021032605666448,1.4130364120016905,1.513852172196871
1715617786814029,1.2000115458554177,1.4119668099263454,1.513664360896127
1715617786836253,1.196412799053946,1.4068032390174263,1.4957358475622717
1715617786844946,1.196412799053946,1.4068032390174263,1.4957358475622717
1715617786867711,1.1954326799197337,1.408331716983441,1.545327587936252
1715617786878554,1.194783143769171,1.4079922028692207,1.5450355086797591
1715617786905940,1.1906068896606905,1.4073003945828702,1.5737529579158362
1715617786915744,1.1878258022515855,1.4066855461941554,1.5721262501030746
1715617786933836,1.1818966955049128,1.4040019452309815,1.5463409065124591
1715617786943136,1.180688640977053,1.4037911044136648,1.5455529501334664
1715617786966550,1.1737717584697651,1.403706086122871,1.5782629723984605
1715617786975832,1.1727534137943287,1.4036678342565454,1.5775324774318724
1715617787001634,1.1682445801604735,1.3926186901834987,1.5287192644849634
1715617787012861,1.1664651155213654,1.392724665908354,1.5273886170073352
1715617787035290,1.1601962024342953,1.3956037293122734,1.5365055920685338
1715617787042904,1.1601962024342953,1.3956037293122734,1.5365055920685338
1715617787068240,1.153204662481253,1.38494759222166,1.5530146213644525
1715617787077012,1.1514351160236977,1.3847728752559711,1.552371772534677
1715617787103256,1.1433414416210437,1.386926855037037,1.567614277228532
1715617787112229,1.141776708799788,1.3869032539901123,1.567054730336936
1715617787136544,1.130167148637542,1.378914488672012,1.549873567802404
1715617787146247,1.130167148637542,1.378914488672012,1.549873567802404
1715617787168640,1.1284378571253106,1.3784695928538457,1.554310367194066
1715617787178043,1.1266001197234192,1.379353669704062,1.5534452841162754
1715617787200873,1.1206498272698409,1.3786233701861677,1.5259025749184691
1715617787210898,1.1191672061427886,1.3796703673295099,1.525187193923272
1715617787235527,1.1139780413091163,1.3769869916433388,1.5232556972991116
1715617787244451,1.1133630849553842,1.3775965118451008,1.5229396362426644
1715617787269491,1.1123472281565159,1.369990365402516,1.5416952540217226
1715617787281971,1.1101487305298618,1.3716535997254453,1.5409138874471457
1715617787311733,1.1057047261460364,1.3730785211330272,1.54786119825514
1715617787323421,1.1036119056374625,1.373810192625928,1.5474639773012706
1715617787336033,1.099057512080992,1.3682113611246909,1.5480086603896397
1715617787344409,1.0981621619728987,1.3686802976190435,1.547824878611594
1715617787369860,1.0946454479833978,1.3699377302132463,1.5972686664591529
1715617787376982,1.0932287602721982,1.3711037343794725,1.5969135160170906
1715617787402493,1.0935077678729215,1.3707070017069425,1.6088390983296845
1715617787412658,1.091199309333574,1.3714018834829445,1.608450033347121
1715617787435739,1.0782831625175424,1.3571768791730636,1.5369146137184684
1715617787444679,1.0773419203200514,1.357583095648559,1.5367400119279813
1715617787467928,1.071499159831994,1.3611079282855778,1.5541000837946584
1715617787476430,1.071499159831994,1.3611079282855778,1.5541000837946584
1715617787501342,1.0639272897880452,1.3537124632906874,1.5428786986394565
1715617787508465,1.0633873853733773,1.3542175201005038,1.5427524560310668
1715617787532835,1.0581409366816752,1.3554017174097543,1.5402304570409084
1715617787541924,1.0581409366816752,1.3554017174097543,1.5402304570409084
1715617787568645,1.0511213745147399,1.3488501267823814,1.5399691394994242
1715617787577246,1.0498047168768625,1.349251704811934,1.5389788043936465
1715617787600378,1.050195086583787,1.3467339707777046,1.543105998401138
1715617787609318,1.0492524545642126,1.3472774879348102,1.5422715352904612
1715617787636635,1.040928001151501,1.3404442164552697,1.556092453902346
1715617787645008,1.0403407846553945,1.341122729727591,1.5554953511254874
1715617787670496,1.035217339695235,1.3386000831223401,1.5444749476787392
1715617787680770,1.0349735139698832,1.33860949964593,1.5442011581764605
1715617787697894,1.0306539321452384,1.3291480709873917,1.5260820940959245
1715617787708870,1.0305886460915104,1.3292192378763314,1.5258966515501435
1715617787732031,1.0224333553908669,1.3280538631966547,1.5060238431584745
1715617787743403,1.0224557018160985,1.3284586767637079,1.5056560111498891
1715617787768031,1.0189760989558394,1.3287912083766538,1.5042666076338675
1715617787775804,1.0193025631279375,1.3292254024543069,1.504116442283343
1715617787801962,1.0111857659000032,1.3184603748632338,1.466721328739593
1715617787812003,1.0117343172648603,1.3186186968149847,1.4661250106307246
1715617787847495,1.0189201145990667,1.3218638499361923,1.5221825512908134
1715617787860195,1.0203618563988117,1.3223675018418726,1.5213152777915901
1715617787877833,1.0127203621924865,1.3184641676062465,1.524365159401441
1715617787887009,1.013565563893752,1.318745619951461,1.5240391925328889
1715617787903725,1.0107479595973985,1.3137497854185225,1.494746444301048
1715617787913104,1.011664763101265,1.314088760814196,1.494519145324038
1715617787936638,1.0091810994454598,1.3043110145753445,1.4804619168937658
1715617787944554,1.0091810994454598,1.3043110145753445,1.4804619168937658
1715617787968104,1.003628404540791,1.3053432870171942,1.4850281658969773
1715617787979331,1.0049960468565438,1.305964005184037,1.4850376658242719
1715617787998217,1.0040067177703202,1.299317972414586,1.5160104525779121
1715617788007484,1.0047088832953643,1.2996988916780288,1.5160580069254146
1715617788033053,0.9939795442301883,1.2965847415984242,1.4594579449276166
1715617788042393,0.9947081502775361,1.2970630853126246,1.4595379077818973
1715617788066361,0.9924100121039992,1.293210692742161,1.4751138843283966
1715617788074129,0.9924100121039992,1.293210692742161,1.4751138843283966
1715617788099845,0.990910017624146,1.2911118784168698,1.4761684528172467
1715617788111434,0.9914712398995849,1.2915245085217266,1.4762556166820153
1715617788143854,0.9900683282963744,1.2894740835216485,1.4747700526169756
1715617788153665,0.9907075913230056,1.289935428862526,1.4748941614770463
1715617788170763,0.9859197292256292,1.2849377188958289,1.4772145850470686
1715617788179939,0.9895177046781098,1.288382656304613,1.4802575590095333
1715617788211301,0.9918405949128595,1.2920611781703897,1.5293289009942388
1715617788220563,0.9955085970456105,1.2957103131847,1.5319856934120355
1715617788236698,0.9897407837980519,1.2935837405177881,1.4949097465113677
1715617788246338,0.9915913162690854,1.2954819503372537,1.4960883258875235
1715617788268353,0.9963932874651331,1.2987020043360924,1.5097482076257172
1715617788276539,0.9963932874651331,1.2987020043360924,1.5097482076257172
1715617788304409,0.9965601806329878,1.3004710258329568,1.5118900555149026
1715617788314183,0.9984437557335983,1.3029006074111271,1.512310031768171
1715617788346121,0.9987844659812737,1.3056600734934487,1.5131075359519892
1715617788354843,1.0008178111563573,1.308319434089247,1.5133170831051572
1715617788367105,0.9940484431781599,1.2992674676563294,1.4962976102085626
1715617788376889,0.9961201451074632,1.3020154153867447,1.4964600897725346
1715617788399617,0.9964393763822452,1.301402189512442,1.4954550001755509
1715617788408827,1.000654352428001,1.307137383861997,1.4956372568876848
1715617788434633,0.9947407203294028,1.304170614672201,1.4979303354163127
1715617788444622,0.9964878072433029,1.306907655205937,1.4981689883916158
1715617788469701,0.9946255935756447,1.3099237419983762,1.5027017070131947
1715617788481094,0.9946255935756447,1.3099237419983762,1.5027017070131947
1715617788503562,0.9967874400156163,1.3107644810550902,1.4956004676170038
1715617788511463,0.9984445766689112,1.3133742606289216,1.4956784313601017
1715617788533072,0.992207231953187,1.3085065174944195,1.5161491700140743
1715617788543668,0.9941979872700323,1.3133114901069247,1.5159536426245719
1715617788566623,0.9868388408839219,1.3079133407433587,1.501249029449001
1715617788577852,0.9873194637660994,1.310149762647876,1.5010135348787488
1715617788599223,0.9859519282301022,1.3116757636130287,1.5126671046026852
1715617788608333,0.9864358881946588,1.313801314932553,1.512417397100891
1715617788634280,0.9808868816004811,1.3144962193738867,1.5112277175575457
1715617788645736,0.9813791218855552,1.316424163581328,1.5109982492271303
1715617788668451,0.9744186819862275,1.3104139267071782,1.4952128897422918
1715617788676914,0.9751471358570082,1.3117773156285861,1.495133332588647
1715617788702009,0.968779908756643,1.306861338116435,1.4492324140133679
1715617788711629,0.9707865257175363,1.310623634256134,1.4490292777178269
1715617788732876,0.972057327973223,1.3069634942719246,1.541860389995179
1715617788746174,0.9733265374947262,1.309131563150232,1.5417179649606734
1715617788767436,0.9675210365251731,1.3098921773793806,1.494110744007298
1715617788776598,0.9682026267428923,1.3108515254306026,1.4940302665444225
1715617788805149,0.964031505119437,1.3087972527812508,1.4764535423488216
1715617788816228,0.9645812610525739,1.309531285894997,1.4756988929841315
1715617788834956,0.9662974646338807,1.3030542079497198,1.5314171147464632
1715617788844326,0.9662974646338807,1.3030542079497198,1.5314171147464632
1715617788867031,0.9615908832551963,1.3084014180371906,1.501248424550182
1715617788877304,0.962301075911819,1.3089309606244601,1.5006610432067462
1715617788901655,0.9585775315374563,1.3079197445845014,1.5324461479247824
1715617788910212,0.9601294397628574,1.3089212971938156,1.5314971439745726
1715617788934930,0.9590857975377125,1.3020038394632258,1.5266420277717967
1715617788947029,0.9598553165412791,1.303193587409014,1.5276750548872085
1715617788968866,0.9518716545740633,1.3045783974427487,1.5336694728349536
1715617788978530,0.9523006705468599,1.3051965208983116,1.5341795966262999
1715617789003760,0.9475518488437387,1.3063855094908712,1.5033714909695632
1715617789015845,0.9484856902965049,1.3077708776689372,1.5041753867934102
1715617789034484,0.9459261613917349,1.3092375214813923,1.505423722096082
1715617789043630,0.9464298362207823,1.309957704190214,1.5057100569371746
1715617789067471,0.9594153177786415,1.3165384530047177,1.5037981488844276
1715617789077068,0.9644995623057598,1.3194894898524254,1.503528233926724
1715617789101805,0.9669442570461774,1.321541105641762,1.5034891781414599
1715617789112219,0.9771054006308112,1.3273218275901848,1.5028943482468882
1715617789167825,0.9954750038639982,1.3382567193277324,1.5009512884080123
1715617789176899,1.0070956232032708,1.3446439955919183,1.500934823409537
1715617789201658,1.0117287757634315,1.3484494742995423,1.533681131759976
1715617789215126,1.0178289092227466,1.3519265137939538,1.5339099999183765
1715617789235815,1.0229187807416018,1.3557619161657752,1.5349662150615924
1715617789242971,1.0305744434371633,1.3600058114096,1.5357858809062086
1715617789267592,1.0298934155944273,1.3531352461231245,1.5336561139832674
1715617789277725,1.0479822245202735,1.363187896816523,1.537573185538133
1715617789349269,1.0948956085899633,1.3928926624693314,1.5294058302207625
1715617789476025,1.1847464554242173,1.467194514127342,1.6016365866881173
1715617789476646,1.157756381563889,1.4576834306769482,1.6042829903982168
1715617789478794,1.157756381563889,1.4576834306769482,1.6042829903982168
1715617789479735,1.1267878675896714,1.438940208125052,1.5498683801494013
1715617789480303,1.1267878675896714,1.438940208125052,1.5498683801494013
1715617789481927,1.1057243667734253,1.4225657539425511,1.5156831688998063
1715617789483043,1.1057243667734253,1.4225657539425511,1.5156831688998063
1715617789485831,1.0924139614052388,1.4043419623573008,1.5048423085119742
1715617789486754,1.0924139614052388,1.4043419623573008,1.5048423085119742
1715617789490927,1.0851095502541195,1.3969037601888687,1.5066024897865136
1715617789493715,1.0851095502541195,1.3969037601888687,1.5066024897865136
1715617789523623,1.090809643310812,1.3987680901021533,1.4763383350117056
1715617789531743,1.0957698530637867,1.4031775649570837,1.4808013357130796
1715617789554919,1.0940385940193387,1.4034492202111566,1.5281117769688906
1715617789567904,1.0968291154278753,1.4046572711153023,1.5320584286354242
1715617789591341,1.0974763420351272,1.4046624848388523,1.5455040311759531
1715617789602604,1.0981114216762542,1.4042969486768728,1.5472316238876305
1715617789619788,1.1019412372031379,1.4024068010933208,1.5303085014159166
1715617789629474,1.1006073631395163,1.400318652940027,1.5321784726977468
1715617789652994,1.1022397611747672,1.405330752270843,1.5534746098073065
1715617789664898,1.1012524477774055,1.4036830892848497,1.5547381169101802
1715617789686903,1.1077989993153343,1.4044102468457897,1.4987807860421163
1715617789698231,1.1045254746671052,1.3993957465903073,1.5038257012365968
1715617789716848,1.1019739017244106,1.403712182144608,1.5109618380171415
1715617789724307,1.1019739017244106,1.403712182144608,1.5109618380171415
1715617789752447,1.1053762866904868,1.400223395824597,1.4985020041772246
1715617789760674,1.1033608280217742,1.3973920052007953,1.5031953870101824
1715617789785288,1.1058614218418426,1.4046067297453952,1.4979133530006439
1715617789867554,1.072154160796842,1.3738446489274307,1.5411189826058247
1715617789868183,1.0810198807275304,1.384884209140592,1.4874566385113615
1715617789869153,1.0810198807275304,1.384884209140592,1.4874566385113615
1715617789871905,1.0920205949898105,1.3925715515055272,1.4067693489207733
1715617789872513,1.0920205949898105,1.3925715515055272,1.4067693489207733
1715617789885039,1.0998051097356851,1.4023886132308414,1.450374001556761
1715617789896062,1.092242760038674,1.397143635092352,1.454482521233306
1715617789917138,1.0893957470636844,1.395665545356386,1.4202116360270165
1715617789927419,1.0857365060877335,1.39291021725064,1.422316657001176
1715617789942712,1.0953717552527593,1.4023054164211461,1.4088148786815244
1715617789953168,1.0862668769892037,1.3938060650114221,1.4171044483894528
1715617789976940,1.0857627717275573,1.394405567135194,1.4364088995191833
1715617789985847,1.0857627717275573,1.394405567135194,1.4364088995191833
1715617790010506,1.0828303270049788,1.3912135183246315,1.4187344669283433
1715617790020197,1.079252622992462,1.3878270079071662,1.424429335283281
1715617790043922,1.0791482682936724,1.3914861518714925,1.4034940668356137
1715617790053397,1.0755521413971278,1.3885333401278481,1.4086293392629115
1715617790077649,1.0672625484950133,1.3821552659778928,1.4152441814715004
1715617790088876,1.0672625484950133,1.3821552659778928,1.4152441814715004
1715617790113385,1.067726091813928,1.3789670950332014,1.4256717795027996
1715617790124256,1.0639045089074832,1.3762755473902641,1.4277767690965915
1715617790153613,1.0600937672478195,1.3713964231812383,1.395598425829946
1715617790164099,1.0566211661720444,1.3687287981543983,1.3973190778429507
1715617790181410,1.05930637292349,1.3754503805443212,1.403253252660659
1715617790193134,1.0528266463977736,1.3702402161071068,1.4067337664424162
1715617790213845,1.0569136300920163,1.3732125251338692,1.4174752652079388
1715617790225497,1.053821313291718,1.370198002495372,1.419564897559911
1715617790243956,1.056372245774447,1.3726056689192212,1.4235273441935439
1715617790256795,1.052566964062772,1.3687737278982899,1.4249981598681494
1715617790288130,1.0529710818032694,1.3688965164477251,1.4177632526168802
1715617790301517,1.0462822086128425,1.3632600069912293,1.4151924250263508
1715617790324425,1.047854485916997,1.3648655044385534,1.4262271033680416
1715617790335041,1.0453055398296922,1.3629417902388168,1.4249508329628915
1715617790344644,1.0487347016815605,1.3637468469943195,1.4123685971266395
1715617790357596,1.0419802143091204,1.3578281738020463,1.4093850773869279
1715617790376793,1.0464342996225673,1.362462865844035,1.4084801148542248
1715617790383842,1.0443603817105374,1.3604915620789826,1.4079086078213625
1715617790408308,1.044115667635895,1.3624939019569078,1.4430552942222121
1715617790417291,1.040130171489896,1.3589031419507147,1.4429232509968424
1715617790442855,1.0408068446275687,1.3605851003645602,1.443309562564553
1715617790451011,1.0384563348312121,1.3582559392263651,1.443861440194166
1715617790486849,1.0360816299431694,1.3565878308552537,1.4459269135728707
1715617790496827,1.0339015628471908,1.3546715458041785,1.4462862825973533
1715617790509754,1.0321000484496108,1.3560396310797187,1.4491544511900876
1715617790518791,1.0321000484496108,1.3560396310797187,1.4491544511900876
1715617790543215,1.034538728929356,1.3511543923874372,1.4029618871114757
1715617790552965,1.034538728929356,1.3511543923874372,1.4029618871114757
1715617790580042,1.0342170202243812,1.3513103624292122,1.4485412835432325
1715617790591290,1.032199805803398,1.349197032159104,1.4487502671250265
1715617790615168,1.028273803337492,1.3490449608348212,1.4513178387771597
1715617790771863,0.998848334797874,1.3117477782527769,1.4468925381229973
1715617790773369,1.0063886179250872,1.3105431037256166,1.4091125032337453
1715617790775213,1.0063886179250872,1.3105431037256166,1.4091125032337453
1715617790776905,1.007248898543822,1.3153026931841445,1.4450817812017673
1715617790777872,1.007248898543822,1.3153026931841445,1.4450817812017673
1715617790778679,1.0139165617458568,1.3219601043137665,1.4453938811940303
1715617790783891,1.0139165617458568,1.3219601043137665,1.4453938811940303
1715617790785603,1.0186758645361504,1.3278364691544076,1.4227452593497851
1715617790787664,1.0172344598568321,1.325809505720402,1.4222139160184
1715617790789096,1.020509017394649,1.329090236281883,1.4215307409682332
1715617790789818,1.020509017394649,1.329090236281883,1.4215307409682332
1715617790815578,1.0204785827276297,1.3231554558415002,1.4461402007414752
1715617790826882,1.0191587800066202,1.3211653484233024,1.4457456839874228
1715617790847354,1.0169139900100128,1.3187216602937977,1.4198824532571748
1715617790857397,1.0158208434982279,1.3164887222624604,1.4199949168137493
1715617790881115,1.0158931782731844,1.314322397158987,1.445850104998415
1715617790890693,1.014883741805484,1.3122302581387943,1.4459787129712454
1715617790912919,1.0162387203411245,1.3078194624696566,1.3776728369078692
1715617790924364,1.014511202225458,1.3039491086651538,1.3778562720093377
1715617790943787,1.0184220884978286,1.3070362894928371,1.4453364006980656
1715617790952043,1.017676843979505,1.3052104059731384,1.445397135599653
1715617791013851,1.0169478849861966,1.3011094441620676,1.4938535855121433
1715617791024102,1.016065301922883,1.2993935011637552,1.4933686712097982
1715617791048950,1.015404392426404,1.291474884829805,1.4792532633255715
1715617791060194,1.0146943894198865,1.2899728590500368,1.4789012328743643
1715617791076795,1.0111270617720656,1.2931935871275162,1.4132158475547123
1715617791086118,1.009961799392751,1.2900173332011207,1.4126630399018927
1715617791112513,1.015615118579234,1.2886271767216229,1.490028568020064
1715617791124027,1.0147201507140413,1.2855926555992436,1.4897263921753368
1715617791146327,1.0163971306038748,1.281266964101704,1.4774065277062984
1715617791157867,1.0160442519007027,1.279957164484843,1.4773070347938888
1715617791180210,1.0148795498433125,1.2752188215311178,1.4769576137004203
1715617791190186,1.0146418935725567,1.2741603867145017,1.4768866768439142
1715617791212973,1.009608661400189,1.2713625735429925,1.451084526900634
1715617791223878,1.0080978487946404,1.2703975849340932,1.451376429421389
1715617791246800,1.003934251037066,1.267819593149085,1.452242804349622
1715617791256838,1.0026114021641626,1.2670618152635278,1.4525291914774363
1715617791278779,1.0000121438000709,1.2656737253352288,1.453074667544001
1715617791290638,0.9962491286522275,1.2638014172354373,1.453827451116624
1715617791313264,0.9937728716592281,1.2592629615572837,1.4357632006928425
1715617791324683,0.9912093980027424,1.2583894465460461,1.4361540292542117
1715617791343655,0.9879082881380128,1.2575816928514485,1.4401626014595386
1715617791352661,0.9867543062452966,1.2570919596215904,1.439916559608589
1715617791378739,0.9871775943625989,1.2592397435996294,1.444853564346925
1715617791389898,0.9860742777686942,1.25891203620375,1.4446139429736506
1715617791413216,0.985622067827997,1.2510768080302601,1.4523882603099838
1715617791424003,0.9845654209576978,1.2508928776074082,1.4522057584649088
1715617791445540,0.9815332197775573,1.246973052415248,1.432871224347346
1715617791460229,0.9805761605592084,1.2468814740816616,1.4327669838764403
1715617791482651,0.9752121391429027,1.2485275025815448,1.4145678638975627
1715617791491692,0.9752121391429027,1.2485275025815448,1.4145678638975627
1715617791515068,0.9713317531510712,1.238664180124452,1.4329679920947935
1715617791528962,0.9691291765110992,1.2384894117138894,1.4331177600182068
1715617791546915,0.9660605291470568,1.238700433538491,1.4379291140318538
1715617791557408,0.9650671510078833,1.2387075673896493,1.4380117146286762
1715617791577471,0.9630756900490813,1.2320795941963933,1.3719571947719493
1715617791592372,0.9614987681679602,1.2321077953335255,1.371713067171739
1715617791614107,0.9599726418244612,1.2346118464611056,1.414276622969962
1715617791623616,0.9594243956763344,1.2346135035469847,1.413989443992134
1715617791645340,0.9578237981631845,1.2253538226923517,1.4310591294141823
1715617791657377,0.9574509152617106,1.2254478900926513,1.4308228984974702
1715617791681505,0.9558561935292376,1.2259687080554253,1.4350700437400343
1715617791694654,0.955256228277384,1.2265196093767177,1.4345312561191532
1715617791711707,0.9551291039957546,1.2200898234828057,1.434263909807099
1715617791719258,0.9548786907890829,1.2198536414609935,1.4339682811377905
1715617791746114,0.9522683943509704,1.2184497588356893,1.4111766627482978
1715617791756199,0.9522311676850277,1.218330415763075,1.4109769595499309
1715617791780037,0.9484846337380242,1.213267493130061,1.4068799753872114
1715617791789795,0.948545122178065,1.2132248481588033,1.4067425732044208
1715617791815811,0.9521859613484489,1.2081909879684847,1.47129125550568
1715617791824918,0.9524107671436353,1.2082155571775812,1.4712175763961173
1715617791841774,0.943234866706139,1.2047939186293797,1.4095322173197875
1715617791850329,0.9436980810926916,1.2057723102484599,1.4099742278709164
1715617791875255,0.943880425319171,1.2017528510748385,1.432199977471588
1715617791883529,0.943880425319171,1.2017528510748385,1.432199977471588
1715617791911118,0.9424895628031011,1.1963870068458762,1.3974357382886313
1715617792004767,0.9452264589982267,1.2041289471435006,1.396746901213953
1715617792005382,0.9391463468368143,1.2043869567612364,1.4329906845367373
1715617792006094,0.9391463468368143,1.2043869567612364,1.4329906845367373
1715617792006987,0.9345975111793534,1.1975987629831595,1.431606790376863
1715617792007936,0.9347346205112306,1.199477718787011,1.4309261832997135
1715617792016123,0.9328667066946132,1.199797194164928,1.4086692525396498
1715617792025192,0.9328667066946132,1.199797194164928,1.4086692525396498
1715617792048613,0.9325276982922734,1.1936060836746452,1.468378916051499
1715617792059076,0.932711114078576,1.1947140256948048,1.4681562835505133
1715617792077616,0.9238775876041109,1.1939945021952554,1.4065143863811755
1715617792088845,0.9241472091859951,1.1959169773452518,1.40598722332803
1715617792115564,0.919983868700238,1.1925178327999748,1.4286614282437275
1715617792124878,0.9200661494990177,1.1933568474485854,1.4283744123437625
1715617792145673,0.9181998324095603,1.1911070860526825,1.4030743807206996
1715617792155363,0.9182855101144769,1.1919949350030412,1.4028772683332544
1715617792181628,0.9120618176844795,1.1889025584532777,1.4019927944723007
1715617792191579,0.9121615304031909,1.1898002103283167,1.4018924458418
1715617792212136,0.9111860862493555,1.1830170947524334,1.4244415567319328
1715617792225532,0.911503296732057,1.1843358370322383,1.42487524899555
1715617792249095,0.9068374664798703,1.1829677460241927,1.4027579837733097
1715617792259169,0.9077881579298717,1.1865963576163314,1.4040723870561425
1715617792279552,0.9071057573327911,1.1795141021032072,1.4276429270576982
1715617792288576,0.9071057573327911,1.1795141021032072,1.4276429270576982
1715617792315032,0.906430328795468,1.1778962410841185,1.3925563672344698
1715617792325637,0.9069015166112124,1.1790876419538097,1.392914382870075
1715617792389781,0.9015044493680144,1.1844981659544653,1.4313267261991225
1715617792497847,0.9102642267360141,1.195450295021878,1.4327919504408317
1715617792498531,0.9047574831740021,1.1854384154667639,1.382663394281856
1715617792500584,0.9047574831740021,1.1854384154667639,1.382663394281856
1715617792501640,0.901510071751068,1.180757893014503,1.4096017295993555
1715617792505373,0.901510071751068,1.180757893014503,1.4096017295993555
1715617792506182,0.8975374210474734,1.1759426761821983,1.431684064849005
1715617792506739,0.8975374210474734,1.1759426761821983,1.431684064849005
1715617792511664,0.8941975876330945,1.1683206990124395,1.4311680712324106
1715617792522063,0.8960866019098336,1.1697390492342667,1.4300604316489447
1715617792535331,0.8921543123159001,1.1635893111592042,1.3570566419535748
1715617792545570,0.8927970882767349,1.164024329971065,1.3567322611971386
1715617792568168,0.8873901497807856,1.164950170819158,1.4058981458375608
1715617792577771,0.8880753421467753,1.1653684355487652,1.4056408782231276
1715617792600340,0.8862608079994596,1.161281896790042,1.3929412419751457
1715617792610775,0.88693159668734,1.1616626567231905,1.3927713579950662
1715617792633948,0.8841368111560699,1.1546224460799293,1.4262847775263787
1715617792643874,0.8861596250384021,1.1556102695181576,1.4248567628758129
1715617792664919,0.8830808176181913,1.1544584395759678,1.3881903079597748
1715617792673513,0.8830808176181913,1.1544584395759678,1.3881903079597748
1715617792699672,0.8803750656599716,1.1520375576300086,1.4225710083997645
1715617792709044,0.8810464176863261,1.1523962173582274,1.4223119611616477
1715617792733763,0.879759568724972,1.145830831921641,1.4215924276212135
1715617792742615,0.8804507878337477,1.1461666963963475,1.4214417973259272
1715617792768460,0.8786164899029609,1.1434563346910331,1.3866670598484294
1715617792777726,0.8793051425048048,1.143242637897487,1.3869348941986486
1715617792801548,0.8748034179863658,1.1370112846743219,1.3519420986386788
1715617792810537,0.875440537255568,1.1368253893832712,1.3522222813111098
1715617792834142,0.8728864060518056,1.1329487851933342,1.379885037151579
1715617792843940,0.8728864060518056,1.1329487851933342,1.379885037151579
1715617792870789,0.8720387289310736,1.1293305367391047,1.389937908568902
1715617792883395,0.8730657478102578,1.1299002358704497,1.388602632191053
1715617792902254,0.8670451816192768,1.1262726281864426,1.375343035617719
1715617792910983,0.8675712448653452,1.1264906960821164,1.3747365765821886
1715617792930249,0.8696700054465181,1.1246357299335077,1.3845552864206816
1715617792939955,0.8702403263130394,1.1248382134298498,1.3840515255005
1715617792965374,0.8653535189612311,1.1238461693513064,1.3827106515015632
1715617792974439,0.8659362478944509,1.1240970573284783,1.3823576920648728
1715617793002782,0.8659073819484545,1.1191178432075592,1.368956703467692
1715617793015589,0.8667080476162393,1.1196182167882995,1.3685735730215653
1715617793033650,0.8619570858025223,1.1180067555039364,1.386803365171426
1715617793044731,0.863889489399218,1.1193581990479595,1.3864708592104371
1715617793069504,0.8653545839010197,1.1192647515050271,1.386785227178064
1715617793081160,0.8698195496766638,1.1223046352948214,1.3892590879080284
1715617793100293,0.8630162828060907,1.1156758870968628,1.346926211947189
1715617793112551,0.8657028805727374,1.1177081247560856,1.3494057309654481
1715617793137597,0.8618476782432873,1.1146660495039071,1.3298469367779782
1715617793150047,0.8667855414216463,1.1193428520060922,1.3379176249368236
1715617793167837,0.8582718810813124,1.1166936403318923,1.3485576831654407
1715617793179796,0.8604428186763915,1.1191791967953235,1.3532809806153017
1715617793201652,0.8616308233409886,1.1153437171650153,1.3648566194651495
1715617793211493,0.8631496913544859,1.1178540785328068,1.3693211450310883
1715617793233847,0.858945734321612,1.1099152786957405,1.2914977743042408
1715617793243263,0.8611863137077711,1.1144071148166368,1.2989870947458728
1715617793267469,0.8523179041031516,1.1076416433740557,1.2974811355701341
1715617793278573,0.8529385382784672,1.1097017195051775,1.300222314522388
1715617793300910,0.8520299806493871,1.1082158798649082,1.2555454118573568
1715617793310285,0.8518101306831132,1.1104206925669726,1.259439245998557
1715617793334634,0.8518073901709015,1.105418270312645,1.2826165247141752
1715617793344617,0.8514086259659909,1.1055089187787828,1.2841130916747612
1715617793370005,0.849586959932958,1.1029374671911905,1.2702388437705796
1715617793380700,0.8501336882100968,1.1031119155842612,1.2726090754507924
1715617793405828,0.849544407747612,1.1045210477630212,1.2772249339160737
1715617793415158,0.8503559710631321,1.1047757696834482,1.2810621461744671
1715617793430722,0.8485380682861104,1.1024427774940178,1.2875358280625862
1715617793475481,0.8524705288101361,1.1049417413326927,1.3135165362200043
1715617793476218,0.8513776672731445,1.099104571761778,1.2561898979590769
1715617793635502,0.8560848551109324,1.1032807007830239,1.3443080053616323
1715617793636131,0.8497833566496182,1.1030461943816896,1.29446387385901
1715617793636967,0.8497833566496182,1.1030461943816896,1.29446387385901
1715617793637595,0.8474070689009939,1.1011235489710063,1.287977283795692
1715617793638149,0.8474070689009939,1.1011235489710063,1.287977283795692
1715617793638688,0.8455738018058704,1.0964581119179064,1.2674250590103124
1715617793639259,0.8455738018058704,1.0964581119179064,1.2674250590103124
1715617793640397,0.8462808143251631,1.0943625288569807,1.2580536689558732
1715617793641031,0.8462808143251631,1.0943625288569807,1.2580536689558732
1715617793645631,0.8457306789743605,1.0949266672445825,1.2630135432412644
1715617793656113,0.8462332620108332,1.0946450131273353,1.2666028638980213
1715617793670319,0.8489022667364082,1.0948667383549275,1.241305071512949
1715617793683292,0.8495784792245185,1.0946502102846358,1.2454547629486648
1715617793704235,0.8485303770883131,1.099203689346654,1.2519404559921852
1715617793713947,0.8492955743690095,1.099181583261896,1.2570164237024377
1715617793735703,0.8468915284593698,1.0959047318317028,1.2486901780285828
1715617793744251,0.8468915284593698,1.0959047318317028,1.2486901780285828
1715617793768690,0.8503495509835214,1.0975750890592668,1.2719335527344047
1715617793784021,0.8508229106942399,1.0981932751373962,1.2756620665408238
1715617793816295,0.8494630222435798,1.098239489568945,1.2512429646841168
1715617793826139,0.8494630222435798,1.098239489568945,1.2512429646841168
1715617793850287,0.8512797127982858,1.1000397734067897,1.2444946237972945
1715617793864105,0.8517392245833683,1.1005361221404488,1.2464797933224896
1715617793886964,0.8537838828412262,1.0985903368457306,1.2420028726988233
1715617793898998,0.8546889325718698,1.0989631270729023,1.2441900109577484
1715617793917981,0.852958756023094,1.0960866050197375,1.24045348881913
1715617793929894,0.8533021753963885,1.0961547483746519,1.2392777462407927
1715617793941835,0.8527905001447044,1.0963493456543945,1.2414761457152332
1715617793950134,0.8530005282526602,1.0962473465476403,1.2403915585535363
1715617793970131,0.8537511778347245,1.0955413819394133,1.236649724678096
1715617793981856,0.8540463388503846,1.0951710237350014,1.235397317861324
1715617794008099,0.855405010210743,1.0940127425725896,1.2299900966140933
1715617794018764,0.8550697919894363,1.0930096909329778,1.2269508280872081
1715617794030644,0.853741266727509,1.092984257776649,1.2229805458199774
1715617794040033,0.8536491016634286,1.092369476378087,1.221985639650862
1715617794070781,0.8515143161611515,1.0892699789738842,1.2444290399762175
1715617794080847,0.851343066031179,1.088612050256492,1.2439880744962606
1715617794104688,0.854556095214816,1.0924206879437663,1.2432528053123257
1715617794114954,0.8540155993134136,1.0911741298396829,1.242701603673252
1715617794139431,0.8514780549848096,1.0901326247480323,1.22704353068309
1715617794151658,0.8512571660065491,1.0892774685460014,1.2268285646501784
1715617794166363,0.8489181456790931,1.0870386545848245,1.24123341439631
1715617794174563,0.8483955805089655,1.0853436327920236,1.2408056653178958
1715617794201555,0.8504701384470621,1.085795046973176,1.2389238680805175
1715617794211506,0.8504701384470621,1.085795046973176,1.2389238680805175
1715617794234239,0.8508415385877531,1.088773916591707,1.2185999784468746
1715617794247345,0.8505532333685087,1.0879866109339655,1.2184986315970185
1715617794268020,0.850067207306171,1.084874938591111,1.2169369583199885
1715617794277486,0.8490282111338566,1.084381146949217,1.2175623498454133
1715617794302601,0.843117215656263,1.0830207236523914,1.2177793011235702
1715617794311009,0.843117215656263,1.0830207236523914,1.2177793011235702
1715617794337978,0.8429823803647012,1.0844787654119519,1.2204089366553106
1715617794349233,0.8420345346427265,1.0840216393836508,1.2209173051316355
1715617794368357,0.8429086127311897,1.085923956189183,1.2256401044701009
1715617794376908,0.8410355232843583,1.0851148747953094,1.2264427880800934
1715617794404152,0.8393003646637048,1.082720252685159,1.2235407043791868
1715617794413161,0.8393003646637048,1.082720252685159,1.2235407043791868
1715617794430956,0.8345013769938654,1.0821626555055188,1.2200026269920785
1715617794441627,0.8335581140401802,1.0817978759601972,1.2196369914454175
1715617794469982,0.8337254305374974,1.081717938982531,1.2285405419232183
1715617794525006,0.8266416913710392,1.0796235678287012,1.226067059771609
1715617794526414,0.8297445746091378,1.080444115528996,1.225652457444246
1715617794527289,0.8297445746091378,1.080444115528996,1.225652457444246
1715617794534787,0.8326199316354839,1.0824318702981917,1.2266768322835107
1715617794544523,0.8286529979433226,1.0819045515861765,1.2250382649351492
1715617794568750,0.8256866567039788,1.0807758968297059,1.2138922055569994
1715617794577464,0.8231746652153149,1.0805022911951374,1.2130751704490126
1715617794606763,0.823389423225498,1.0830113569234658,1.213479193512061
1715617794619085,0.8209820470442221,1.0828932310137698,1.2129549931983852
1715617794637115,0.8187653393181585,1.0794479986216587,1.2360859036404033
1715617794647963,0.8178540547024943,1.0799287951243646,1.2360420647295418
1715617794666002,0.817239609700106,1.0826860047662035,1.2212548298473889
1715617794675295,0.817239609700106,1.0826860047662035,1.2212548298473889
1715617794699593,0.8172994135625347,1.086556907508811,1.2125642757967796
1715617794712316,0.8164940444240893,1.0870127391248068,1.2126419216900508
1715617794737056,0.8161663210522213,1.0904929301396116,1.2145068709338072
1715617794749114,0.8154255765328512,1.090951741443559,1.2146164498139291
1715617794767269,0.8121916161660004,1.0868901049822122,1.212819842062064
1715617794774911,0.8121916161660004,1.0868901049822122,1.212819842062064
1715617794797866,0.8068697698637399,1.0870765968340523,1.2155843674532572
1715617794807095,0.8043347312795884,1.0871908357856825,1.2168911392756367
1715617794831708,0.802977853403458,1.086187839681983,1.2197011558795752
1715617794842612,0.8017896851839247,1.086246376562266,1.220276857162542
1715617794867463,0.8041249056011379,1.0871488259249626,1.2449477613778817
1715617794876878,0.8030257926923076,1.0872107380981026,1.2453870443216444
1715617794957576,0.792563178955819,1.0867354459644814,1.1965641286749698
1715617794976410,0.7897430212432635,1.0867028820804436,1.1961479445698537
1715617794992792,0.7904007446886,1.0870029336324074,1.2245999853218559
1715617795005861,0.7887430336331309,1.0868683561149257,1.2243630372990961
1715617795015220,0.7879570478827661,1.0867786984080843,1.2242642207690015
1715617795025176,0.7879570478827661,1.0867786984080843,1.2242642207690015
1715617795045574,0.7850534013244639,1.0857252717460202,1.2244905859850053
1715617795055646,0.7843945413032204,1.0852987107095344,1.224691366024014
1715617795069168,0.7839721138677882,1.0819360535028317,1.2446033105504681
1715617795082378,0.7828028044257077,1.0811010783952495,1.2450473659773518
1715617795092464,0.7822316823066564,1.0806878766952976,1.245269506492963
1715617795102500,0.7822316823066564,1.0806878766952976,1.245269506492963
1715617795136640,0.7795684240118167,1.0809109362961877,1.2242674815745913
1715617795146196,0.7791369391017491,1.0804999185520783,1.2244372365327518
1715617795159734,0.7787339165223227,1.0800896690292652,1.2245910545948073
1715617795171991,0.7774139023412756,1.0780127380006261,1.224811494444328
1715617795189581,0.7769930511167972,1.0771950813556965,1.224636651372192
1715617795199294,0.7765646960743453,1.0763919991932178,1.2246644590929532
1715617795222035,0.7763870838653472,1.075658997907281,1.1958997545607206
1715617795231198,0.7760440756623924,1.0748753493497927,1.1959150633274902
1715617795254976,0.7731712541809949,1.0719778861112481,1.2332555810068473
1715617795266286,0.772903328848492,1.0711478033484987,1.2332750301590447
1715617795292247,0.7701039400540646,1.0693539613259022,1.2186394429675294
1715617795302252,0.7701039400540646,1.0693539613259022,1.2186394429675294
1715617795325766,0.7713484048424375,1.0668141516622929,1.1997899852242606
1715617795335221,0.7716233745151,1.0657355088651923,1.1999954332730753
1715617795359916,0.76952814540926,1.0637157921551297,1.2265021235277804
1715617795369364,0.7701839898301305,1.0615692448503875,1.2268475793884737
1715617795390639,0.771918278693307,1.0610216212820267,1.1984348190157272
1715617795400674,0.7722856799136424,1.0599373870484334,1.1985724945087093
1715617795423171,0.7697398915766903,1.0610173290054055,1.2010308745626088
1715617795432394,0.7704171334713064,1.0603347837904329,1.2009271468173532
1715617795458290,0.7704899283351919,1.0577885977604287,1.2266174159604746
1715617795468758,0.7704899283351919,1.0577885977604287,1.2266174159604746
1715617795491818,0.7744846201588298,1.0568007632611016,1.1977371392873142
1715617795503954,0.7752485861112994,1.0561805178081796,1.1976334358858551
1715617795526500,0.7711799208822036,1.058832869406047,1.1980968804020034
1715617795535453,0.7728636605899041,1.057682658172071,1.1979300306094
1715617795563045,0.7730670150614615,1.0561301151154345,1.228654710091016
1715617795572181,0.7741872013195308,1.0547472695492623,1.2287598233510328
1715617795595265,0.7763762375578767,1.053079492784503,1.2373241967942985
1715617795605555,0.7776731544568547,1.0518675600733565,1.2376221789343647
1715617795622482,0.7733641363897724,1.0507693753846503,1.2268020644056938
1715617795632072,0.774405653986084,1.0501971265204257,1.2278147521847675
1715617795656458,0.7723890928795935,1.048543223609043,1.2327937886442109
1715617795665429,0.7737101259770781,1.048007886535143,1.2352068971460957
1715617795726179,0.77270337811688,1.045135757106784,1.2595789159042738
1715617795753215,0.7745761767978343,1.0437805580490604,1.273535644473142
1715617795775563,0.7705080425201348,1.0450208038812128,1.2232110732504191
1715617795785242,0.7707301661530487,1.044746467328214,1.2281286183340505
1715617795793712,0.7674065280273877,1.0480569189268234,1.2092266048659182
1715617795803833,0.767379124879431,1.0478790182830557,1.213687134480424
1715617795821439,0.7621876195132229,1.0424979054250485,1.187711362477482
1715617795829567,0.7618368665651144,1.0418782959470911,1.197188436612187
1715617795845366,0.7599925692616911,1.039070086791894,1.2062154326133727
1715617795855816,0.7597500554543505,1.038764134925006,1.2103313456939702
1715617795878312,0.7586284042015555,1.0373447122671946,1.1864507458159272
1715617795888328,0.7583576929678034,1.0369869691085654,1.1898037559900891
1715617795911879,0.7566081691178753,1.0325418683240113,1.197354970859529
1715617795921733,0.7563739147372724,1.0320635750334752,1.2001778865744923
1715617795946139,0.7548501034590881,1.0330335628191774,1.1894338118691856
1715617795957236,0.7554176162877909,1.032271485685088,1.1935904498448666
1715617795992286,0.7557100991081636,1.0297517572820858,1.1849068477237907
1715617796003782,0.7557336127015781,1.029515106073567,1.1863455643168141
1715617796015367,0.75937719970383,1.0258732042161136,1.1854164286755968
1715617796025477,0.7595445487483395,1.0256363189786526,1.185107143033404
1715617796043343,0.7576070805667922,1.024900840787748,1.1984092102939148
1715617796157681,0.7693456721813825,1.0168520007492996,1.2393555891449266
1715617796158433,0.7693456721813825,1.0168520007492996,1.2393555891449266
1715617796161628,0.7693456721813825,1.0168520007492996,1.2393555891449266
1715617796162414,0.7663199525783324,1.0158788537196644,1.2071651813447337
1715617796163024,0.7663199525783324,1.0158788537196644,1.2071651813447337
1715617796163659,0.7649743904561089,1.0167130817432266,1.1640230964064069
1715617796164561,0.7649743904561089,1.0167130817432266,1.1640230964064069
1715617796176689,0.7632689513673093,1.0214518161591368,1.171666386341754
1715617796186375,0.7638346795197846,1.021016390385142,1.1768535853118585
1715617796211058,0.7659230194376898,1.0152055066223575,1.1495912742605083
1715617796221821,0.7678869986621849,1.0147114468869438,1.1573447077632633
1715617796248113,0.7674795808906882,1.012129220537782,1.1496632012618935
1715617796256155,0.7683072212451657,1.0119752665403217,1.152531970697797
1715617796280900,0.7720104899971039,1.0119590785747257,1.1463322756644967
1715617796292495,0.7728533311687102,1.0117984458150655,1.1485657770906401
1715617796311301,0.7764450712552193,1.0097035402797645,1.1192245967312127
1715617796466354,0.7915134386308171,1.0098526588361765,1.1032927431717672
1715617796467281,0.7863838115440624,1.0079055258865,1.1052184109221215
1715617796468740,0.7863838115440624,1.0079055258865,1.1052184109221215
1715617796469398,0.7915194981184441,1.007644789362188,1.081416813941063
1715617796470178,0.7915194981184441,1.007644789362188,1.081416813941063
1715617796472272,0.7879248264799716,1.007227756863391,1.089286526205231
1715617796472960,0.7879248264799716,1.007227756863391,1.089286526205231
1715617796473579,0.7886802466734476,1.001894826996724,1.0779397487329665
1715617796474181,0.7886802466734476,1.001894826996724,1.0779397487329665
1715617796480147,0.7877956236889966,1.0010749329619197,1.1039142312813837
1715617796491838,0.7891778103228273,1.0009370692423243,1.1022621267438597
1715617796515816,0.7935749944903601,1.0002456216532742,1.1118750002395836
1715617796525610,0.7962023269129102,0.9998911073402278,1.1098782483738037
1715617796550210,0.7919627599040531,1.0008579273909362,1.0969488820760764
1715617796559044,0.7942705852350215,1.000483070083394,1.09605358575557
1715617796575313,0.7946724427731163,0.9980567484184032,1.1184135510879596
1715617796584996,0.7962666792466806,0.9992414269719601,1.1187949097876366
1715617796629426,0.8049733882934841,1.0056032416584717,1.1210889703313962
1715617796630128,0.8049733882934841,1.0056032416584717,1.1210889703313962
1715617796645310,0.8068664148102003,1.0099963007283868,1.095812609149687
1715617796653573,0.8081517671593702,1.0109844359995246,1.096150938851398
1715617796678584,0.810519743419423,1.0074405273680358,1.0711419414636816
1715617796694367,0.8140344773518212,1.0104905210752584,1.0720621128496115
1715617796714166,0.8144636369852583,1.0120380777871707,1.0970918524958408
1715617796724340,0.8164165752921528,1.0160688012927717,1.0995822197457488
1715617796742259,0.8175338671129997,1.0194489667704851,1.0963842382763167
1715617796752595,0.8184487771350352,1.021429455479125,1.0975342235817729
1715617796781662,0.8231058503998443,1.0242445288935356,1.1234457351511313
1715617796792120,0.8239026258695598,1.0262122266706113,1.1243954100193807
1715617796809558,0.8230544009258552,1.0322319246981497,1.109258735505058
1715617796817325,0.8230544009258552,1.0322319246981497,1.109258735505058
1715617796843562,0.8285495707348798,1.0376220791174475,1.1119376716620373
1715617796854632,0.82916042448722,1.0396390599261727,1.1127821744374988
1715617796877554,0.8305011444781915,1.0381050500680777,1.122023093273757
1715617796891133,0.8320869456680893,1.0439968888125488,1.1240189942648056
1715617796912918,0.8300376203947627,1.0459452989538007,1.1186196041272058
1715617796921534,0.8300376203947627,1.0459452989538007,1.1186196041272058
1715617796944711,0.8335964007744694,1.0480803027782166,1.1164054365101674
1715617796955575,0.8339709057817433,1.0497999564773302,1.1167875401014082
1715617796980429,0.8375778907554176,1.0503731017466933,1.1389266454438913
1715617796992255,0.8383257467797064,1.0521345514231821,1.1391254968487343
1715617797009887,0.8444297653065882,1.0570468087249003,1.1271358857025728
1715617797020053,0.8450735069310888,1.0585934529860501,1.1272430592932716
1715617797045079,0.8491515811131647,1.0602782260699095,1.1409152419118296
1715617797054291,0.8496980105544552,1.061593399712987,1.140939881569166
1715617797078842,0.847233924011676,1.0632385036630885,1.1523431097422017
1715617797089493,0.8484945471543894,1.0655519029520182,1.151374431509215
1715617797113402,0.8520734355836849,1.066670774619728,1.1248039857271723
1715617797124929,0.8531172290382085,1.0686317018703335,1.1238801951161792
1715617797143301,0.8571897306753073,1.0689780419842725,1.1365907692690878
1715617797151604,0.8576607143506761,1.069861205527725,1.1361443727032507
1715617797177568,0.8607916399954071,1.0719356473707817,1.1219367580188737
1715617797188127,0.8611346901337698,1.0726356569454876,1.121572506948996
1715617797223638,0.8613440539385978,1.0757021006669922,1.1441956853599364
1715617797233385,0.860784706247841,1.075935746415782,1.1434166898681317
1715617797255600,0.8632930013191275,1.0763504234685908,1.11604221523858
1715617797265816,0.8627243234142488,1.076437496095579,1.1154070502433495
1715617797278136,0.8621297821992246,1.0764988926663632,1.1148026808890148
1715617797287292,0.8608787856821298,1.0765354776142775,1.113680665139443
1715617797313511,0.8633548634720842,1.078605990510956,1.1503021255663342
1715617797323694,0.8619704976126384,1.078362073149275,1.1494258973624831
1715617797346246,0.8607291070813751,1.0815052911931597,1.1378512209646727
1715617797357811,0.8598198207999374,1.0811203896989017,1.137689157945134
1715617797379791,0.8620882478174439,1.0787476968549985,1.1101409917746576
1715617797390859,0.8611455854510774,1.0783009608058045,1.1100505999150077
1715617797411825,0.8621840739347844,1.0791112685124058,1.1468977508299443
1715617797421088,0.8612288401226287,1.0786008626200818,1.146838975155237
1715617797446938,0.8590462180083971,1.0795378194620142,1.1342963921397817
1715617797456778,0.8581327853556251,1.078929921255108,1.1341705686161445
1715617797484999,0.8630257589771219,1.0832174490999855,1.1321113330926253
1715617797494053,0.8612328535297136,1.0818967780717217,1.131902918345282
1715617797515425,0.8584881840104265,1.0777769778029354,1.1489778644077138
1715617797527429,0.8576134970599454,1.0770842541441774,1.1488963148850218
1715617797548265,0.8610372157338277,1.0808065158387985,1.1487447758808582
1715617797556227,0.859373314685609,1.079374691106486,1.1486041115795484
1715617797586503,0.8614781298378271,1.0808762183762866,1.1388697022279632
1715617797597148,0.8602738248301536,1.079715269853661,1.138911514827346
1715617797618407,0.864891356354235,1.082990835396605,1.1314471118486111
1715617797629016,0.8643280340043774,1.0824291417418057,1.1314948803676534
1715617797651190,0.8626692700869095,1.0829022322942103,1.1487810868962176
1715617797663493,0.8616078917252047,1.08181929375659,1.1489035252119464
1715617797682745,0.8662561531584752,1.0827884426868308,1.150107492429346
1715617797693137,0.8662561531584752,1.0827884426868308,1.150107492429346
1715617797719442,0.8647366521710639,1.083877098495031,1.139536706062586
1715617797728278,0.8636548087373548,1.082815897432952,1.139758958000143
1715617797749297,0.8638673928067985,1.0841131139864397,1.14063070126758
1715617797764022,0.8617905997941132,1.0820937546252507,1.1410323099373494
1715617797785147,0.8632919396520765,1.0835453508103314,1.1536086848764566
1715617797794453,0.8632919396520765,1.0835453508103314,1.1536086848764566
1715617797814488,0.8599408188369596,1.0804828369310209,1.1421793878704907
1715617797821870,0.8590013185148663,1.0794800792455657,1.1423215166554472
1715617797847687,0.8631443492026083,1.0793737260884944,1.1529533846948425
1715617797855578,0.8621185573994898,1.0780855268723333,1.1531197601421124
1715617797880916,0.8580386700996726,1.0768280517588926,1.1531427497751985
1715617797890981,0.857033871377684,1.0755756441050988,1.15328627677823
1715617797917657,0.8574658740515639,1.0743090584441388,1.1442509665005542
1715617797927602,0.8564900044529619,1.073125780020172,1.1443621221910738
1715617797947650,0.861242425938819,1.0763517808151648,1.136108507063262
1715617797955281,0.8603055993075382,1.0751669382632698,1.1362106063739448
1715617797982918,0.8551082159919017,1.0715053026683203,1.1554112683817737
1715617798165224,0.8212472049176629,1.0381136067148593,1.227616946261612
1715617798165991,0.821911016615581,1.0431851017152345,1.2330955798851386
1715617798171909,0.821911016615581,1.0431851017152345,1.2330955798851386
1715617798172943,0.8290438968551566,1.0432398227716957,1.2095724926704159
1715617798175994,0.8290438968551566,1.0432398227716957,1.2095724926704159
1715617798176750,0.8315487193814731,1.052016373586058,1.2153552905192309
1715617798177702,0.8315487193814731,1.052016373586058,1.2153552905192309
1715617798178525,0.8362752283168821,1.0593251454935457,1.1671476461601604
1715617798179335,0.8362752283168821,1.0593251454935457,1.1671476461601604
1715617798180265,0.8383394671169806,1.058428974510328,1.161407939212034
1715617798181088,0.8383394671169806,1.058428974510328,1.161407939212034
1715617798191383,0.8416143875308424,1.0629845367692952,1.136811970505002
1715617798201253,0.8400466125961304,1.062018065303463,1.1398116725459149
1715617798220235,0.8403357786050055,1.0658572555543608,1.1123940217907613
1715617798228792,0.8403357786050055,1.0658572555543608,1.1123940217907613
1715617798254752,0.8412685269512533,1.0582507884831147,1.0931866488926205
1715617798266149,0.8399806082565753,1.0560323326173524,1.0971074806494494
1715617798288751,0.8405638869787422,1.0605827110182986,1.110619262759017
1715617798299693,0.8401096737918515,1.059526648480105,1.1125348961116193
1715617798321281,0.8419927652133848,1.0580731325384265,1.0926093302967106
1715617798332164,0.8424120303680461,1.0574278272424649,1.0940905715485318
1715617798357239,0.8422951261730345,1.0568944059165386,1.09430508230754
1715617798367987,0.8425490220142698,1.0549748234121827,1.0992614065938753
1715617798384874,0.8433645107678259,1.0527440191207915,1.069352455333011
1715617798396675,0.8433751629298156,1.0517078207121495,1.0728338806617164
1715617798419923,0.8397407258215117,1.0510030420191268,1.0822896768021626
1715617798433024,0.8395605455155695,1.0499125667019147,1.086946029744265
1715617798448308,0.8404037468415457,1.0445535901978693,1.0755191061988876
1715617798456867,0.8404037468415457,1.0445535901978693,1.0755191061988876
1715617798481204,0.8400297971381344,1.0452527417382254,1.0745864017185498
1715617798491733,0.8394443285691202,1.044483766107172,1.0783781347402772
1715617798516712,0.8387321449153692,1.0419295200140826,1.0626435627109836
1715617798528623,0.8371347764744337,1.0397616631834967,1.071468658832022
1715617798550140,0.8365981189111269,1.040205024391482,1.05972170468991
1715617798562636,0.8357767386096353,1.0388033417694627,1.0643447619288038
1715617798579453,0.8370018238832094,1.0394104049197788,1.0437333275253635
1715617798593818,0.8361832407662539,1.037419008931617,1.0500461077298027
1715617798612541,0.8329617466691129,1.0378802674050305,1.0478134004140434
1715617798621418,0.8328967903345509,1.0372766389661519,1.049574538134307
1715617798693297,0.8342418034414377,1.035524940620401,1.0473784333542624
1715617798712227,0.8341062491446015,1.03410029290504,1.053147039339556
1715617798731566,0.8299740591231847,1.0330775496958522,1.0504849223323882
1715617798741440,0.8297137420695431,1.0314880976715926,1.0580844739486472
1715617798882870,0.8222187534036024,1.0172174251142938,1.1002987702713602
1715617798883764,0.8210751410726432,1.0165522449235773,1.1028274235796158
1715617798884539,0.8199732534278037,1.0138111049623184,1.0847411945784662
1715617798885394,0.8199732534278037,1.0138111049623184,1.0847411945784662
1715617798886436,0.8229466876852968,1.0169562693440264,1.0756245861489453
1715617798887860,0.8229466876852968,1.0169562693440264,1.0756245861489453
1715617798888862,0.8212547459008838,1.016757134738497,1.0319610669817219
1715617798889838,0.8212547459008838,1.016757134738497,1.0319610669817219
1715617799029883,0.8069989059128319,1.0114695812679393,1.0388470023739569
1715617799031508,0.8069989059128319,1.0114695812679393,1.0388470023739569
1715617799032979,0.8076841658461968,1.0117386414430087,1.0379914463579558
1715617799033738,0.8076841658461968,1.0117386414430087,1.0379914463579558
1715617799034637,0.8093737810218548,1.01231638552112,1.0260016245431318
1715617799035266,0.8093737810218548,1.01231638552112,1.0260016245431318
1715617799035858,0.8060528206998556,1.0125222997319496,1.0180335261677906
1715617799036495,0.8060528206998556,1.0125222997319496,1.0180335261677906
1715617799037148,0.8059208263943672,1.0134636530279617,1.0080375973296625
1715617799037763,0.8059208263943672,1.0134636530279617,1.0080375973296625
1715617799039971,0.8055651707510276,1.0133917460899466,1.0102247276834948
1715617799051000,0.8055651707510276,1.0133917460899466,1.0102247276834948
1715617799074423,0.8036551406143814,1.0119076842862236,1.0091191793944883
1715617799085177,0.8033485381888296,1.011792118529573,1.012931067073223
1715617799105502,0.8017785170799574,1.0143227179660277,0.9974420979288796
1715617799119017,0.801021481994725,1.0141412192279309,1.0065417334218167
1715617799141584,0.7994426845789642,1.0088058240131306,0.9910322445036919
1715617799151028,0.7994426845789642,1.0088058240131306,0.9910322445036919
1715617799173102,0.7943412102019497,1.0079312706523282,0.9779910582773965
1715617799220167,0.7918844875168567,1.006216268996124,0.9973666191079031
1715617799220836,0.7947023820538283,1.0050688185402938,0.9624249347711431
1715617799221458,0.7947023820538283,1.0050688185402938,0.9624249347711431
1715617799248459,0.79299861447634,1.0035116169940563,0.9582616617791213
1715617799259645,0.7929611113581172,1.003367982666472,0.9600921414001309
1715617799280354,0.7922163495533723,0.9984878945321705,0.9670635513555519
1715617799291108,0.7925984463979369,0.9976992895742827,0.9687737501568239
1715617799310611,0.790994979376016,0.9947510419625077,0.9493187166107429
1715617799319855,0.7918460801199255,0.9930154271043862,0.9545574862474713
1715617799346680,0.7895619870033734,0.9884537272024971,0.9431461901919953
1715617799355938,0.7895619870033734,0.9884537272024971,0.9431461901919953
1715617799377684,0.7904981600856663,0.9883361161627479,0.929771358257693
1715617799389099,0.790872425965455,0.9863519792084365,0.9389941624376708
1715617799412022,0.7907993222183881,0.9815194838668334,0.926034980086208
1715617799420658,0.7907879003234153,0.9805450008432189,0.9305412113403801
1715617799439309,0.7842074916757829,0.9789071594900259,0.9171302234653762
1715617799451129,0.784183425444097,0.9780005763828951,0.9207936716423144
1715617799476703,0.7870486065937681,0.975595258104739,0.9118209524917713
1715617799486610,0.7870202454158983,0.9738041743396936,0.9178039985820177
1715617799512145,0.7832261409942547,0.9685558985174892,0.9123569723255549
1715617799521592,0.7836874298472675,0.9680114659918654,0.9184989085717372
1715617799547054,0.7834660183022044,0.9712815687370718,0.9137062113458079
1715617799560708,0.7837815256716518,0.9712187750998865,0.9158640287245934
1715617799577715,0.7835713259137673,0.9685227601619242,0.9186237641168695
1715617799586593,0.7840451867706064,0.9684076598893439,0.921274976423258
1715617799615737,0.782806988209687,0.96630789017915,0.9218624786764151
1715617799625421,0.7833592455419469,0.96609214943021,0.9259098729749762
1715617799644569,0.7830481571471705,0.965219953433333,0.9136031085208638
1715617799660483,0.7838322370906226,0.9655771385224978,0.9191762162326593
1715617799678627,0.7824484441100134,0.9671034506594253,0.9068259926995501
1715617799690166,0.783721077669075,0.9678716784838137,0.9178643701096416
1715617799713101,0.7848517841616479,0.9665024111468931,0.9116135733296542
1715617799721874,0.7848517841616479,0.9665024111468931,0.9116135733296542
1715617799748492,0.7840067041868793,0.9688982511010761,0.9029714333567174
1715617799761926,0.7844810989050481,0.9693859327440413,0.9062941083577292
1715617799784124,0.7893529396680503,0.968203219088435,0.9000589425875698
1715617799800224,0.7916797915528948,0.9697882822519557,0.90550644274828
1715617799831107,0.7924095578192258,0.9697529558692951,0.9081730982684526
1715617799910877,0.8032908308449447,0.9768786177875868,0.9264073088298523
1715617799911904,0.8016284779005085,0.9757401689352626,0.9176689418867061
1715617799912750,0.8016284779005085,0.9757401689352626,0.9176689418867061
1715617799913363,0.7997186390790967,0.9754270268505298,0.9266355012640722
1715617799913915,0.7997186390790967,0.9754270268505298,0.9266355012640722
1715617799921582,0.7986275219044776,0.9708958787877666,0.9093245093616322
1715617799932272,0.8002553970192818,0.9723351748705141,0.9159588043450267
1715617799950656,0.7997562762732288,0.973640718879239,0.9156599938450076
1715617799963582,0.8005303238561808,0.9743030370108168,0.9199914387722472
1715617799981462,0.7975962014804471,0.9756245640478816,0.9153224997174971
1715617799993464,0.7982043576582518,0.9762760679110563,0.9201393521031803
1715617800019670,0.7999981485519618,0.9748582282661068,0.9046387511214974
1715617800029153,0.7999981485519618,0.9748582282661068,0.9046387511214974
1715617800050415,0.7983048730641324,0.9767072927872598,0.8989714251433525
1715617800060028,0.7983890475240903,0.9775809252583387,0.9022573274368895
1715617800083504,0.7964322949927258,0.9794933166055152,0.8963618500863625
1715617800092165,0.796573081886702,0.9811432612861034,0.901638126607686
1715617800117254,0.7976943397152447,0.9819350837465535,0.887466537876618
1715617800240986,0.7974168585229717,0.9865243055697769,0.9120373329989954
1715617800245850,0.7954138436826979,0.9824106164065887,0.9110730230615375
1715617800246930,0.7954138436826979,0.9824106164065887,0.9110730230615375
1715617800247771,0.7985362530363638,0.9803569726101229,0.898463613596169
1715617800248446,0.7985362530363638,0.9803569726101229,0.898463613596169
1715617800249083,0.7956796021218764,0.9800031932994684,0.8928917552931748
1715617800249688,0.7956796021218764,0.9800031932994684,0.8928917552931748
1715617800254359,0.7953798693634186,0.9779119360256553,0.8849383068010157
1715617800266281,0.7955109064917271,0.977840227301722,0.8884162612239337
1715617800289491,0.7939573084241501,0.9770977523902044,0.8785625012803341
1715617800300045,0.7931959296553681,0.9772222462988223,0.8880242289578059
1715617800318991,0.7915648806192818,0.975952030012242,0.8681706617505814
1715617800331100,0.7911377545648912,0.9760319992354829,0.8730804584270004
1715617800349489,0.7898210555983883,0.9756318868344915,0.8648423356551695
1715617800360669,0.789323055012609,0.9757583622573353,0.8691434249721482
1715617800393356,0.7890247060810743,0.9775215826183868,0.8598006088286909
1715617800412329,0.7877172810281403,0.9773792186562379,0.8651429585170899
1715617800581409,0.776552862750672,0.968790404683097,0.8730401858058429
1715617800582446,0.776552862750672,0.968790404683097,0.8730401858058429
1715617800589882,0.776678837825145,0.9662393468488908,0.865033351161998
1715617800590724,0.7763935921636519,0.9654388120608249,0.8722078205034262
1715617800591400,0.7765355234484397,0.9659287617644629,0.8644816224872656
1715617800592004,0.7765355234484397,0.9659287617644629,0.8644816224872656
1715617800594034,0.7780001274525968,0.964536124790379,0.8544687612866022
1715617800594842,0.7780001274525968,0.964536124790379,0.8544687612866022
1715617800595629,0.7755197388937086,0.9633501217069553,0.8457900798154139
1715617800597845,0.7755197388937086,0.9633501217069553,0.8457900798154139
1715617800602151,0.7757644675798847,0.964670059342352,0.830662867233806
1715617800616023,0.7753999938210787,0.9638672057293232,0.839210496765127
1715617800628786,0.7746093579380586,0.9638183378541482,0.8237397347274428
1715617800638795,0.7743477752530447,0.9634626755177207,0.8281561421352096
1715617800660241,0.7737656694944443,0.9606938460980188,0.8043025730917241
1715617800670554,0.7722671713659135,0.9602015313877919,0.8120383915166698
1715617800695767,0.7730919822330447,0.9604185087411793,0.7918873044820818
1715617800705297,0.7723570299437562,0.9601979064195008,0.7950427578271609
1715617800730491,0.7693155332847014,0.959258808956514,0.7863583317729652
1715617800743916,0.7686513452331594,0.9590308932007513,0.7887155019876788
1715617800764153,0.7673919946640727,0.9560937469332601,0.7837737934505715
1715617800774582,0.7668478504705006,0.955905099594641,0.7854434527229212
1715617800799701,0.7648841688366734,0.9563935294414512,0.7779118539583116
1715617800809464,0.7643209935689157,0.9568339648287394,0.7793073268886811
1715617800873780,0.762825285908411,0.9581925551256999,0.7856147414570791
1715617800894523,0.761731267906768,0.9589381104100488,0.7971630643062549
1715617800907897,0.7592795766982099,0.9587923405818695,0.7849218430476053
1715617800916808,0.7589033100362532,0.9590432837526117,0.7894268933751659
1715617800926202,0.7574172263928716,0.9585815874567641,0.7787339027493068
1715617800937015,0.7572570333481008,0.9592858141941658,0.7836796297531079
1715617800949404,0.7584443861333388,0.9603506242130869,0.7664159140435473
1715617800960971,0.7584443861333388,0.9603506242130869,0.7664159140435473
1715617800973975,0.7560738195601201,0.9618938499461362,0.7466800873256497
1715617800985415,0.7558393980472738,0.9626170926730264,0.7504463453158248
1715617801014500,0.7551340629434627,0.9637406222072985,0.7443088867206993
1715617801027569,0.7549490186802169,0.9644091150079968,0.7470413028729075
1715617801091865,0.7560522218003745,0.9687302003131493,0.7549986348631214
1715617801092393,0.7560522218003745,0.9687302003131493,0.7549986348631214
1715617801093175,0.7573701594161544,0.9664961826580695,0.7447271112247775
1715617801096238,0.7573701594161544,0.9664961826580695,0.7447271112247775
1715617801107518,0.7558729567156668,0.9650206807473682,0.7319944899369102
1715617801118880,0.7564090282346821,0.9658752665221104,0.7377909880387131
1715617801140767,0.7560914465095215,0.9668518327861798,0.7322246093735465
1715617801151899,0.7566353509315629,0.9675457066317602,0.7407383600336424
1715617801168883,0.7547761706183175,0.9672146582589487,0.7280445858446034
1715617801176253,0.754979755323937,0.9675463327130047,0.732818385020454
1715617801203718,0.7551747741835604,0.9682369941898363,0.719314843538337
1715617801215161,0.755063052040554,0.9705052884536106,0.7339605733774137
1715617801242106,0.7546169582070817,0.9709368600165532,0.7166496179188628
1715617801250896,0.7545513390260503,0.9723729828332338,0.7242719867759733
1715617801433816,0.7484719448715986,0.9871982982011073,0.726793152777511
1715617801434364,0.7484719448715986,0.9871982982011073,0.726793152777511
1715617801434960,0.7494814518190694,0.9850266482702049,0.711621040499899
1715617801435617,0.7494814518190694,0.9850266482702049,0.711621040499899
1715617801436247,0.7496062552939903,0.9853210372367772,0.7043063075085088
1715617801436814,0.7496062552939903,0.9853210372367772,0.7043063075085088
1715617801437476,0.7487282736592384,0.9830316919381091,0.7002046503520309
1715617801438144,0.7487282736592384,0.9830316919381091,0.7002046503520309
1715617801438740,0.7491847533013106,0.9828780541678233,0.7054909759536467
1715617801439358,0.7491847533013106,0.9828780541678233,0.7054909759536467
1715617801451116,0.7487268828199127,0.9839335708569579,0.7118408668234182
1715617801461146,0.7489925829729285,0.9844536681984135,0.7098584502873495
1715617801592121,0.7482528413795035,0.9918126658392074,0.7104751977264511
1715617801593842,0.7482528413795035,0.9918126658392074,0.7104751977264511
1715617801595442,0.7493681672603927,0.9912137829574634,0.7198524649514342
1715617801596293,0.7490715999744871,0.9918426877997736,0.7198075593127813
1715617801597004,0.7478094668834055,0.9916451314792053,0.7180806996684919
1715617801597410,0.7478094668834055,0.9916451314792053,0.7180806996684919
1715617801597790,0.7478553096021682,0.9916963801299671,0.7248841749681845
1715617801598180,0.7478553096021682,0.9916963801299671,0.7248841749681845
1715617801614816,0.7474336349665277,0.9936136116689471,0.7252656488667548
1715617801626420,0.7471526894172441,0.9941947617101364,0.7251925808053916
1715617801640194,0.744606546353637,0.9940553095527246,0.7242096570673939
1715617801649902,0.7440491145272684,0.9951128202870765,0.7239695532148702
1715617801675693,0.7428870547284177,0.9964209932693112,0.7245622262474712
1715617801685061,0.7426047266832797,0.9968955059317743,0.7244551404021036
1715617801705775,0.7433506880508104,0.9981879692186664,0.728778557046079
1715617801717910,0.7435780415471781,0.9985901624697927,0.7282951304500604
1715617801738503,0.7447596662438117,1.0007417347877479,0.7249583528450868
1715617801748575,0.7447596662438117,1.0007417347877479,0.7249583528450868
1715617801774423,0.7460819973490626,1.0005277511916422,0.7238445489397272
1715617801786208,0.7462571042440824,1.0007877659642603,0.7236055373162222
1715617801807829,0.7465889117130207,1.0012923692295388,0.7231879149525939
1715617801816993,0.7466828355014166,1.0019469127172012,0.7226971614156263
1715617801844017,0.7473012630119173,1.004621309305344,0.7274995639371903
1715617801852903,0.7471683308636455,1.0053003725042113,0.7270360180842161
1715617801871952,0.745131547438142,1.0059032916144048,0.7263213133390101
1715617801883298,0.7450612382913123,1.006200178910182,0.7261604068616416
1715617801914102,0.7457203931790833,1.0082868416643895,0.7274549756512821
1715617801922777,0.7456618831697638,1.0085097055862204,0.7273640315565117
1715617802066035,0.741925337396487,1.012799849239656,0.7310397820433145
1715617802067077,0.741925337396487,1.012799849239656,0.7310397820433145
1715617802068898,0.7424602047820265,1.0130214659191452,0.7340332757923532
1715617802072342,0.7424602047820265,1.0130214659191452,0.7340332757923532
1715617802074125,0.7403380109130404,1.0136464304621295,0.7320032163422194
1715617802075708,0.7403380109130404,1.0136464304621295,0.7320032163422194
1715617802077923,0.7416814951217866,1.0147970896315435,0.7254943893650931
1715617802078841,0.7415784490766874,1.014420117236302,0.7290387460142114
1715617802082126,0.7409997860246668,1.0164613603062198,0.7131064930306997
1715617802093465,0.7408917342991597,1.0160833698431384,0.7169496661203583
1715617802110091,0.7397742956456778,1.0178289180975846,0.7051353736926063
1715617802120181,0.7396288567045688,1.0174582845445572,0.709868796345664
1715617802142441,0.7389036129274018,1.015899059378315,0.690627460788543
1715617802152587,0.7387104097959494,1.0155800349942923,0.6954064853781052
1715617802187064,0.7379342502148686,1.0151273864291008,0.6824810779381596
1715617802215739,0.7384011595389849,1.0174398472882553,0.6697849677530974
1715617802226420,0.7389849527241541,1.018021162579706,0.6758030248651248
1715617802245661,0.7387296477713035,1.0203958732160268,0.6605325081741522
1715617802255454,0.7390082994301704,1.0206300386500924,0.6630541052134504
1715617802290210,0.742648603839296,1.0221222196152913,0.6588001587350703
1715617802316900,0.7420499641900911,1.0234561114589367,0.6523576951333536
1715617802399787,0.7471250389222444,1.0261169406173631,0.6819583903591041
1715617802400842,0.7471302352633943,1.027906926831743,0.6692960314656198
1715617802402084,0.7471302352633943,1.027906926831743,0.6692960314656198
1715617802403442,0.7472900010147067,1.029178796665083,0.6560110438255067
1715617802404207,0.7472900010147067,1.029178796665083,0.6560110438255067
1715617802412664,0.7477800859161821,1.0319512842178364,0.6384467880390023
1715617802448277,0.7478828659175414,1.033830117304945,0.62456481898165
1715617802458474,0.748045867567916,1.034551958595643,0.6291933396172105
1715617802478017,0.748266671022967,1.0378923483527283,0.619026470665206
1715617802487417,0.7484077813331794,1.0385740850113796,0.6227881963818349
1715617802518194,0.7483494181844682,1.042675768818817,0.6167477662695671
1715617802530313,0.7485009141380572,1.0438761980575042,0.6222307100611311
1715617802545472,0.7485360633444914,1.0468828632774891,0.6144339769661338
1715617802557339,0.7486232841052355,1.0474238110709186,0.616820010596282
1715617802595417,0.7502666632678772,1.0501800778097499,0.6096214224540539
1715617803258594,0.779797024718694,1.065444823966838,0.6340723393613529
1715617803260124,0.779936210597451,1.0670364337620006,0.6112951816039266
1715617803262292,0.779936210597451,1.0670364337620006,0.6112951816039266
1715617803263054,0.7807683297117467,1.0679664448096038,0.595671135381312
1715617803263752,0.7807683297117467,1.0679664448096038,0.595671135381312
1715617803264357,0.7807455429546555,1.070509629278942,0.5837982242999497
1715617803265057,0.7807455429546555,1.070509629278942,0.5837982242999497
